cntry,country,year,pop,unempl,gdp,gov_debt,date,imports,exports,debt_share_country,debt_share_year
BEL,Belgium,1991,10,6.4,171.1604,NA,1991-01-01,99463,102.0142,NA,0.570213812191712
BGR,Bulgaria,1991,8.63,NA,4.42781,NA,1991-01-01,1.04864,1.57706,NA,0.570213812191712
CZE,Czech Republic,1991,10.31,NA,25.1827,NA,1991-01-01,8.3461,9.7615,NA,0.570213812191712
DNK,Denmark,1991,5.15,7.9,112.6055,NA,1991-01-01,35.4302,42.4326,NA,0.570213812191712
DEU,Germany,1991,80.01,5.6,1506.67,NA,1991-01-01,365288,357531,NA,0.570213812191712
EST,Estonia,1991,1.56,NA,NA,NA,1991-01-01,NA,NA,NA,0.570213812191712
IRL,Ireland,1991,3.53,14.7,40.3278,NA,1991-01-01,20.4898,22.3928,NA,0.570213812191712
GRC,Greece,1991,10.32,7.1,85.0924,NA,1991-01-01,20.75683,12.08284,NA,0.570213812191712
ESP,Spain,1991,38.97,15.5,465557,NA,1991-01-01,91.5967,73.7264,NA,0.570213812191712
FRA,France,1991,58.46,8.1,1032017,NA,1991-01-01,221.8685,218.4614,NA,0.570213812191712
HRV,Croatia,1991,4.69,NA,NA,NA,1991-01-01,NA,NA,NA,0.570213812191712
ITA,Italy,1991,56.76,8.5,1005013,947.8,1991-01-01,169.7797,171.7484,0.943072378168243,0.570213812191712
CYP,Cyprus,1991,0.6,NA,5.23251,NA,1991-01-01,4.04737,3.52797,NA,0.570213812191712
LVA,Latvia,1991,2.65,0.5,NA,NA,1991-01-01,NA,NA,NA,0.570213812191712
LTU,Lithuania,1991,3.7,0.3,NA,NA,1991-01-01,NA,NA,NA,0.570213812191712
LUX,Luxembourg,1991,0.39,1.6,11.5827,NA,1991-01-01,9.9606,11.3158,NA,0.570213812191712
HUN,Hungary,1991,10.37,NA,18.2107,NA,1991-01-01,5.3934,5.2484,NA,0.570213812191712
MLT,Malta,1991,0.36,4.7,2.29976,NA,1991-01-01,2.76356,2.60717,NA,0.570213812191712
NLD,Netherlands,1991,15.07,5.7,261.5725,NA,1991-01-01,131.2196,145.1324,NA,0.570213812191712
AUT,Austria,1991,7.75,3.5,140273,NA,1991-01-01,49.8159,48.6383,NA,0.570213812191712
POL,Poland,1991,38.25,NA,44.8633,NA,1991-01-01,10.2717,9.55,NA,0.570213812191712
PRT,Portugal,1991,9.96,5,72534,NA,1991-01-01,25.18363,18.42948,NA,0.570213812191712
ROM,Romania,1991,23,NA,16.0921,NA,1991-01-01,3.1801,2.61308,NA,0.570213812191712
SVN,Slovenia,1991,2,NA,10.04382,NA,1991-01-01,6.66453,7.40522,NA,0.570213812191712
SVK,Slovakia,1991,5.3,NA,NA,NA,1991-01-01,NA,NA,NA,0.570213812191712
FIN,Finland,1991,5.01,6.6,103.3669,20.4,1991-01-01,22.95035,21.96971,0.197355246215181,0.570213812191712
SWE,Sweden,1991,8.62,3.1,217195,NA,1991-01-01,55.0514,58.7594,NA,0.570213812191712
GBR,United Kingdom,1991,57.42,8.6,995758,NA,1991-01-01,205.6765,202.2899,NA,0.570213812191712
BEL,Belgium,1992,10.05,7.1,182.4542,NA,1992-01-01,102.2105,106.1804,NA,0.525168601613298
BGR,Bulgaria,1992,8.54,NA,4.34449,NA,1992-01-01,1.39017,1.67767,NA,0.525168601613298
CZE,Czech Republic,1992,10.32,NA,26.4467,NA,1992-01-01,10.3155,10.6333,NA,0.525168601613298
DNK,Denmark,1992,5.17,8.6,118195,NA,1992-01-01,35.5147,43.6782,NA,0.525168601613298
DEU,Germany,1992,80.62,6.6,1641.21,NA,1992-01-01,373972,365395,NA,0.525168601613298
EST,Estonia,1992,1.53,NA,NA,NA,1992-01-01,NA,NA,NA,0.525168601613298
IRL,Ireland,1992,3.56,15.4,43.2475,NA,1992-01-01,22.0949,25234,NA,0.525168601613298
GRC,Greece,1992,10.4,7.9,89.6837,NA,1992-01-01,21.47353,13.34345,NA,0.525168601613298
ESP,Spain,1992,39.16,17,486067,NA,1992-01-01,95.9844,79.0605,NA,0.525168601613298
FRA,France,1992,58.75,9,1088897,NA,1992-01-01,223.3106,230.2931,NA,0.525168601613298
HRV,Croatia,1992,4.58,NA,NA,NA,1992-01-01,NA,NA,NA,0.525168601613298
ITA,Italy,1992,56.8,8.8,1016379,920.7,1992-01-01,177.7358,178.2091,0.905862872019198,0.525168601613298
CYP,Cyprus,1992,0.61,NA,5.96281,NA,1992-01-01,4.89934,4.24509,NA,0.525168601613298
LVA,Latvia,1992,2.61,3,1.37283,NA,1992-01-01,0.79335,0.80262,NA,0.525168601613298
LTU,Lithuania,1992,3.7,1.4,1.66621,NA,1992-01-01,0.25987,0.2895,NA,0.525168601613298
LUX,Luxembourg,1992,0.39,2.1,12.41857,NA,1992-01-01,10.0667,12.0097,NA,0.525168601613298
HUN,Hungary,1992,10.37,NA,17.6541,NA,1992-01-01,4.9163,4.8838,NA,0.525168601613298
MLT,Malta,1992,0.37,5.2,2.41392,NA,1992-01-01,2.92848,2.89177,NA,0.525168601613298
NLD,Netherlands,1992,15.18,5.7,277009,NA,1992-01-01,135137,148.8642,NA,0.525168601613298
AUT,Austria,1992,7.84,3.5,150.4227,NA,1992-01-01,51.9394,49.9935,NA,0.525168601613298
POL,Poland,1992,38.36,13.4,43.2261,NA,1992-01-01,8.6222,9.2709,NA,0.525168601613298
PRT,Portugal,1992,9.95,5,83.3669,NA,1992-01-01,27.0669,19.4891,NA,0.525168601613298
ROM,Romania,1992,22.79,8.3,9.4989,NA,1992-01-01,3.1552,2.43525,NA,0.525168601613298
SVN,Slovenia,1992,2,NA,10.2843,NA,1992-01-01,5.16396,5.73154,NA,0.525168601613298
SVK,Slovakia,1992,5.31,NA,NA,NA,1992-01-01,NA,NA,NA,0.525168601613298
FIN,Finland,1992,5.04,11.7,86.8787,31.2,1992-01-01,21.43912,22.17427,0.359121395693076,0.525168601613298
SWE,Sweden,1992,8.67,5.6,215.9947,NA,1992-01-01,54.1804,57946,NA,0.525168601613298
GBR,United Kingdom,1992,57.58,9.8,978032,303.7,1992-01-01,208666,202318,0.31052153712762,0.525168601613298
BEL,Belgium,1993,10.08,8.6,193.1241,NA,1993-01-01,101.7355,107.2276,NA,0.689162240085214
BGR,Bulgaria,1993,8.47,NA,10.21869,NA,1993-01-01,2.83,3.1996,NA,0.689162240085214
CZE,Czech Republic,1993,10.33,4.2,34.5139,NA,1993-01-01,13.5175,13.9044,NA,0.689162240085214
DNK,Denmark,1993,5.19,9.6,122.2697,NA,1993-01-01,35.5056,44.7094,NA,0.689162240085214
DEU,Germany,1993,81.16,7.8,1766.10,NA,1993-01-01,358341,359.48,NA,0.689162240085214
EST,Estonia,1993,1.49,6.6,1.48843,NA,1993-01-01,1.04205,0.9827,NA,0.689162240085214
IRL,Ireland,1993,3.58,15.6,44.4197,NA,1993-01-01,23.6238,28.1196,NA,0.689162240085214
GRC,Greece,1993,10.46,8.6,92.8823,NA,1993-01-01,21.34254,13.0478,NA,0.689162240085214
ESP,Spain,1993,39.36,20.8,446903,NA,1993-01-01,85.8041,79523,NA,0.689162240085214
FRA,France,1993,59,10.1,1135574,NA,1993-01-01,215.3203,234.0438,NA,0.689162240085214
HRV,Croatia,1993,4.6,NA,8.86383,NA,1993-01-01,NA,NA,NA,0.689162240085214
ITA,Italy,1993,56.83,9.7,907164,972.9,1993-01-01,157.9605,185.6307,1.07246319298385,0.689162240085214
CYP,Cyprus,1993,0.63,NA,6.32147,NA,1993-01-01,4.09158,4.28016,NA,0.689162240085214
LVA,Latvia,1993,2.56,6.7,2.26369,NA,1993-01-01,1.0201,1.21238,NA,0.689162240085214
LTU,Lithuania,1993,3.68,4.8,2.38899,NA,1993-01-01,1.68923,1.46713,NA,0.689162240085214
LUX,Luxembourg,1993,0.4,2.6,14.09326,NA,1993-01-01,11.2322,13.6661,NA,0.689162240085214
HUN,Hungary,1993,10.36,NA,34.1781,NA,1993-01-01,10.3876,7.9407,NA,0.689162240085214
MLT,Malta,1993,0.37,5.7,2.39611,NA,1993-01-01,3.08343,2.97763,NA,0.689162240085214
NLD,Netherlands,1993,15.29,6.5,298.0233,NA,1993-01-01,138.5277,157.8649,NA,0.689162240085214
AUT,Austria,1993,7.91,4,162.1488,NA,1993-01-01,51.6461,51.1415,NA,0.689162240085214
POL,Poland,1993,38.46,14.1,82.1211,NA,1993-01-01,16.2307,17.0465,NA,0.689162240085214
PRT,Portugal,1993,9.96,6.3,80.8658,NA,1993-01-01,24.81241,18.62287,NA,0.689162240085214
ROM,Romania,1993,22.76,10.6,24.0076,NA,1993-01-01,6.16561,5.09741,NA,0.689162240085214
SVN,Slovenia,1993,1.99,NA,11.51116,NA,1993-01-01,5.93209,5.96918,NA,0.689162240085214
SVK,Slovakia,1993,5.33,NA,11.74456,NA,1993-01-01,7.00713,6.47565,NA,0.689162240085214
FIN,Finland,1993,5.07,16.3,76137,42.7,1993-01-01,20.38299,23.88137,0.560831133351721,0.689162240085214
SWE,Sweden,1993,8.72,9.1,179.1514,NA,1993-01-01,50.0426,56.0878,NA,0.689162240085214
GBR,United Kingdom,1993,57.72,10.2,972.38,422.2,1993-01-01,221.3954,218.2313,0.434192393920072,0.689162240085214
BEL,Belgium,1994,10.12,9.8,207.7132,NA,1994-01-01,113.3553,120.0908,NA,0.707238312312162
BGR,Bulgaria,1994,8.44,NA,9.01443,NA,1994-01-01,2.48855,3.32826,NA,0.707238312312162
CZE,Czech Republic,1994,10.33,4.2,39.9227,NA,1994-01-01,15.4029,14.9396,NA,0.707238312312162
DNK,Denmark,1994,5.21,7.7,131.6783,NA,1994-01-01,40.7263,48526,NA,0.707238312312162
DEU,Germany,1994,81.44,8.4,1860.06,NA,1994-01-01,389458,393123,NA,0.707238312312162
EST,Estonia,1994,1.46,7.6,2.05687,NA,1994-01-01,1.67394,1.46326,NA,0.707238312312162
IRL,Ireland,1994,3.59,14.3,48.1537,NA,1994-01-01,28156,32693,NA,0.707238312312162
GRC,Greece,1994,10.51,8.9,98.2176,NA,1994-01-01,21.33052,14.18858,NA,0.707238312312162
ESP,Spain,1994,39.55,22,446014,NA,1994-01-01,94.9416,91.0241,NA,0.707238312312162
FRA,France,1994,59.21,10.4,1182191,NA,1994-01-01,236.5946,253.7204,NA,0.707238312312162
HRV,Croatia,1994,4.65,NA,12.55276,NA,1994-01-01,NA,NA,NA,0.707238312312162
ITA,Italy,1994,56.84,10.6,922514,1036.7,1994-01-01,171.9571,202.3934,1.12377698333033,0.707238312312162
CYP,Cyprus,1994,0.64,NA,7.03645,NA,1994-01-01,4569,4.78366,NA,0.707238312312162
LVA,Latvia,1994,2.52,13.1,3.76638,NA,1994-01-01,1.32244,1.27953,NA,0.707238312312162
LTU,Lithuania,1994,3.66,4.2,3.74586,NA,1994-01-01,1.79967,1.54322,NA,0.707238312312162
LUX,Luxembourg,1994,0.4,3.2,15.46135,NA,1994-01-01,12.4881,15.4893,NA,0.707238312312162
HUN,Hungary,1994,10.34,NA,36186,NA,1994-01-01,11.2477,9208,NA,0.707238312312162
MLT,Malta,1994,0.37,5.6,2.61263,NA,1994-01-01,3.42099,3.29203,NA,0.707238312312162
NLD,Netherlands,1994,15.38,7.2,315.6356,NA,1994-01-01,152687,173.9426,NA,0.707238312312162
AUT,Austria,1994,7.94,4.3,171295,NA,1994-01-01,58.0375,55219,NA,0.707238312312162
POL,Poland,1994,38.54,14.4,93.2149,NA,1994-01-01,18032,19.9435,NA,0.707238312312162
PRT,Portugal,1994,9.99,7.6,83.8798,NA,1994-01-01,27.0312,20.6007,NA,0.707238312312162
ROM,Romania,1994,22.73,11.1,26.7965,NA,1994-01-01,6.63061,6.15541,NA,0.707238312312162
SVN,Slovenia,1994,1.99,NA,12.8901,NA,1994-01-01,6.65673,6.82328,NA,0.707238312312162
SVK,Slovakia,1994,5.35,NA,13.37627,NA,1994-01-01,7.08645,7.7789,NA,0.707238312312162
FIN,Finland,1994,5.09,16.6,87.1753,52,1994-01-01,24.74614,29.66445,0.596499237742801,0.707238312312162
SWE,Sweden,1994,8.78,9.4,190.3765,NA,1994-01-01,57.9436,65.6618,NA,0.707238312312162
GBR,United Kingdom,1994,57.87,9.3,1027305,412.4,1994-01-01,242.6769,242.5829,0.401438715863351,0.707238312312162
BEL,Belgium,1995,10.14,9.7,221.4305,288,1995-01-01,124.0535,131.7234,1.30063383318919,0.509498847265162
BGR,Bulgaria,1995,8.41,10,11.03419,NA,1995-01-01,3.32814,4.69522,NA,0.509498847265162
CZE,Czech Republic,1995,10.33,3.9,45.5417,6.14,1995-01-01,19.8879,18.4724,0.134821493268806,0.509498847265162
DNK,Denmark,1995,5.23,6.7,141.4407,NA,1995-01-01,45.1997,51.8607,NA,0.509498847265162
DEU,Germany,1995,81.68,8.2,1982.06,1079.9,1995-01-01,426902,436181,0.54483691470646,0.509498847265162
EST,Estonia,1995,1.44,9.8,2.90229,236,1995-01-01,2.18687,1.9692,0.0813150994559469,0.509498847265162
IRL,Ireland,1995,3.61,12.3,52.9336,41.3,1995-01-01,33.0948,38.8783,0.780222769658591,0.509498847265162
GRC,Greece,1995,10.56,9.2,104662,100.8,1995-01-01,23.74005,15.09779,0.963100265616938,0.509498847265162
ESP,Spain,1995,39.72,20.7,468879,295.6,1995-01-01,107.3659,102.8337,0.630439836290386,0.509498847265162
FRA,France,1995,59.42,10.2,1231446,696.3,1995-01-01,256.9548,275.9166,0.565432832621162,0.509498847265162
HRV,Croatia,1995,4.62,NA,17.12958,NA,1995-01-01,6.14851,4.72978,NA,0.509498847265162
ITA,Italy,1995,56.84,11.2,895337,1070.6,1995-01-01,188.6969,221.5913,1.19575087369337,0.509498847265162
CYP,Cyprus,1995,0.65,NA,7.59606,3.59,1995-01-01,5.13694,5.07132,0.472613433806473,0.509498847265162
LVA,Latvia,1995,2.49,14.9,4.13689,0.56,1995-01-01,1.6262,1.43,0.135367389512412,0.509498847265162
LTU,Lithuania,1995,3.63,6.8,5.1241,0.59,1995-01-01,2.4479,1.90332,0.115142171308132,0.509498847265162
LUX,Luxembourg,1995,0.41,2.9,16.50835,1.4,1995-01-01,13.5599,16917,0.0848055680912992,0.509498847265162
HUN,Hungary,1995,10.33,9.7,35.3655,26.76,1995-01-01,13.8725,13884,0.756669635661874,0.509498847265162
MLT,Malta,1995,0.38,4.8,2.82901,968,1995-01-01,3.7259,3.45908,0.3421691687198,0.509498847265162
NLD,Netherlands,1995,15.46,8.3,341.5855,250.3,1995-01-01,173.4055,196.7906,0.732759440901326,0.509498847265162
AUT,Austria,1995,7.95,4.2,183907,124.4,1995-01-01,63959,61.8187,0.676428847189068,0.509498847265162
POL,Poland,1995,38.59,13.2,108716,50.5,1995-01-01,22.5236,24.9618,0.464513043158321,0.509498847265162
PRT,Portugal,1995,10.03,7.9,91.0246,53,1995-01-01,30.1669,24.36324,0.582260180215019,0.509498847265162
ROM,Romania,1995,22.68,9.7,28765,1.49,1995-01-01,8.76659,7.3281,0.0517990613592908,0.509498847265162
SVN,Slovenia,1995,1.99,6.8,16.27975,2.79,1995-01-01,7.79093,7.42468,0.171378553110459,0.509498847265162
SVK,Slovakia,1995,5.36,12.1,15.25937,3.3,1995-01-01,8.3245,8.64976,0.21626056645851,0.509498847265162
FIN,Finland,1995,5.11,15.4,102.6508,56.5,1995-01-01,29.05711,36.71041,0.550409738647921,0.509498847265162
SWE,Sweden,1995,8.83,8.8,201.8408,150.6,1995-01-01,63.8306,76.7053,0.746132595590188,0.509498847265162
GBR,United Kingdom,1995,58.02,8.5,1009.48,446.4,1995-01-01,253.8463,256.7348,0.442207869398106,0.509498847265162
BEL,Belgium,1996,10.16,9.5,221.6638,278,1996-01-01,127.7168,133.9805,1.25415155744871,0.511216829285605
BGR,Bulgaria,1996,8.36,9.5,7.98787,NA,1996-01-01,3.62569,4.7111,NA,0.511216829285605
CZE,Czech Republic,1996,10.32,3.8,52605,6.14,1996-01-01,22.7846,20.2202,0.116718943066248,0.511216829285605
DNK,Denmark,1996,5.26,6.3,147.8426,NA,1996-01-01,46.5044,54.8775,NA,0.511216829285605
DEU,Germany,1996,81.91,8.9,1973.02,1115.7,1996-01-01,435802,451991,0.565479162115684,0.511216829285605
EST,Estonia,1996,1.42,10.2,3.73855,277,1996-01-01,2.70301,2.31022,0.0740928969787752,0.511216829285605
IRL,Ireland,1996,3.64,11.7,59.76,44.4,1996-01-01,38.1858,44.7206,0.742971887550201,0.511216829285605
GRC,Greece,1996,10.61,9.6,114.9082,115,1996-01-01,26.66936,16.41688,1.00079889859906,0.511216829285605
ESP,Spain,1996,39.89,19.9,505108,324.3,1996-01-01,117.2355,116.7729,0.642040910062799,0.511216829285605
FRA,France,1996,59.62,10.5,1271857,751.2,1996-01-01,268.5413,290.2688,0.590632437451695,0.511216829285605
HRV,Croatia,1996,4.56,NA,18.65712,NA,1996-01-01,6.9515,5.73329,NA,0.511216829285605
ITA,Italy,1996,56.86,11.2,1031004,1227.8,1996-01-01,198.1581,244.9967,1.19087801793204,0.511216829285605
CYP,Cyprus,1996,0.66,NA,7.89,3.9,1996-01-01,5.57368,5.53947,0.494296577946768,0.511216829285605
LVA,Latvia,1996,2.46,15.9,4.69952,0.62,1996-01-01,2.32469,1.90098,0.13192836715239,0.511216829285605
LTU,Lithuania,1996,3.6,7.7,6.60388,0.93,1996-01-01,3.38342,2.7697,0.140826302113303,0.511216829285605
LUX,Luxembourg,1996,0.41,2.9,17.15641,1.37,1996-01-01,14.3956,18.2757,0.0798535357921616,0.511216829285605
HUN,Hungary,1996,10.31,9.9,36.6638,24.54,1996-01-01,15.1967,15.3823,0.669325056322585,0.511216829285605
MLT,Malta,1996,0.38,5.2,2.99758,1177,1996-01-01,3.70099,3.42041,0.39265007105732,0.511216829285605
NLD,Netherlands,1996,15.53,7.7,351.1592,246.3,1996-01-01,180.7878,202.4281,0.701391277802205,0.511216829285605
AUT,Austria,1996,7.96,4.7,186.5497,124.4,1996-01-01,66.9351,64.0351,0.666846422159886,0.511216829285605
POL,Poland,1996,38.62,12.1,126.0028,50.8,1996-01-01,29.4607,27.8399,0.403165643938071,0.511216829285605
PRT,Portugal,1996,10.06,8,96.6268,57.4,1996-01-01,32.52594,25.65132,0.594038092951438,0.511216829285605
ROM,Romania,1996,22.62,7,29.2273,2.33,1996-01-01,9.96561,7.68168,0.079719987819607,0.511216829285605
SVN,Slovenia,1996,1.99,6.9,16.92471,3.54,1996-01-01,8.02881,7.81741,0.209161634084129,0.511216829285605
SVK,Slovakia,1996,5.37,11.1,16.99027,5.05,1996-01-01,10.69308,8.88367,0.297228943389363,0.511216829285605
FIN,Finland,1996,5.12,14.6,104.1187,57.7,1996-01-01,30.62043,37.82386,0.554175186589921,0.511216829285605
SWE,Sweden,1996,8.84,9.6,226.9041,157.3,1996-01-01,69.5584,83.5764,0.693244414710884,0.511216829285605
GBR,United Kingdom,1996,58.17,7.9,1097201,542.9,1996-01-01,283.4573,285.4283,0.494804507104897,0.511216829285605
BEL,Belgium,1997,10.18,9.2,224.8914,275.5,1997-01-01,135.9914,143.6984,1.225035728356,0.514365250836463
BGR,Bulgaria,1997,8.31,11.9,9.90231,9.27,1997-01-01,3.69199,4.96196,0.936145202483057,0.514365250836463
CZE,Czech Republic,1997,10.3,4.7,54.3637,6.24,1997-01-01,24.3204,22.0573,0.114782474334896,0.514365250836463
DNK,Denmark,1997,5.28,5.2,153.1519,NA,1997-01-01,51.2361,57.9094,NA,0.514365250836463
DEU,Germany,1997,82.03,9.6,1958.53,1142.5,1997-01-01,474141,497309,0.583346268217764,0.514365250836463
EST,Estonia,1997,1.4,9.6,4.47578,311,1997-01-01,3.6734,3.20499,0.0694850953353382,0.514365250836463
IRL,Ireland,1997,3.67,9.9,73.0837,43.6,1997-01-01,47.6331,56.3928,0.596576254349465,0.514365250836463
GRC,Greece,1997,10.66,9.8,126.3538,124.6,1997-01-01,29.12703,20.49744,0.986119926745377,0.514365250836463
ESP,Spain,1997,40.06,18.4,519607,331.6,1997-01-01,132.7,133.8183,0.63817462043429,0.514365250836463
FRA,France,1997,59.83,10.7,1289316,787.8,1997-01-01,288.0156,325.4579,0.611021657995402,0.514365250836463
HRV,Croatia,1997,4.53,NA,21.02652,NA,1997-01-01,9.29948,6.58527,NA,0.514365250836463
ITA,Italy,1997,56.89,11.2,1093807,1236.2,1997-01-01,224.0277,264.7043,1.13018110141917,0.514365250836463
CYP,Cyprus,1997,0.67,5.2,8.41417,4.48,1997-01-01,5.93858,5.82147,0.532435165916543,0.514365250836463
LVA,Latvia,1997,2.43,15.4,5.74917,0.62,1997-01-01,2.8031,2.28326,0.10784165366479,0.514365250836463
LTU,Lithuania,1997,3.58,6.5,8.92426,1.41,1997-01-01,4.91215,4.01295,0.157996293250085,0.514365250836463
LUX,Luxembourg,1997,0.42,2.7,17.41481,1.39,1997-01-01,16498,20.1745,0.0798171211744486,0.514365250836463
HUN,Hungary,1997,10.29,9.1,41.6358,24.34,1997-01-01,19.5641,19.9798,0.584593066543695,0.514365250836463
MLT,Malta,1997,0.38,6.1,3.33149,1569,1997-01-01,3.84743,3.68541,0.470960441123942,0.514365250836463
NLD,Netherlands,1997,15.61,6.5,363.7889,237.9,1997-01-01,197.1777,220.7528,0.653950684036814,0.514365250836463
AUT,Austria,1997,7.97,4.7,187442,117.8,1997-01-01,71.0095,69.5588,0.628461070624513,0.514365250836463
POL,Poland,1997,38.65,10.9,140.4392,56.9,1997-01-01,38.0794,32.8057,0.405157534363625,0.514365250836463
PRT,Portugal,1997,10.11,7.5,103.3326,56,1997-01-01,36.31304,28.05007,0.541939329892019,0.514365250836463
ROM,Romania,1997,22.55,6.1,31.67,4.33,1997-01-01,11.00549,8.86433,0.136722450268393,0.514365250836463
SVN,Slovenia,1997,1.99,6.9,18.30836,3.92,1997-01-01,8.92208,8.71364,0.214109838347072,0.514365250836463
SVK,Slovakia,1997,5.38,11.5,19.2991,6.31,1997-01-01,12.44281,10.6275,0.32695825193921,0.514365250836463
FIN,Finland,1997,5.14,12.7,111.9637,57.5,1997-01-01,34.10739,42.32333,0.513559305382012,0.514365250836463
SWE,Sweden,1997,8.85,9.9,233409,157,1997-01-01,77.2643,93.4843,0.672639015633502,0.514365250836463
GBR,United Kingdom,1997,58.32,6.8,1356131,617.7,1997-01-01,340.3981,345.9275,0.455486969916623,0.514365250836463
BEL,Belgium,1998,10.2,9.3,232869,277.2,1998-01-01,139924,147.6324,1.19036883397962,0.492557244346104
BGR,Bulgaria,1998,8.26,10.9,13.08008,9.13,1998-01-01,4.71705,5.63584,0.698007963254047,0.492557244346104
CZE,Czech Republic,1998,10.29,6.5,59.4359,8.48,1998-01-01,25.2932,25.1315,0.142674713430772,0.492557244346104
DNK,Denmark,1998,5.3,4.9,158.1465,NA,1998-01-01,54.0225,58.8839,NA,0.492557244346104
DEU,Germany,1998,82.05,9.4,2004.60,1199.3,1998-01-01,503745,530284,0.598274566770993,0.492557244346104
EST,Estonia,1998,1.39,9.2,5.01668,304,1998-01-01,4.21641,3.73146,0.0605978455871214,0.492557244346104
IRL,Ireland,1998,3.71,7.5,80.4873,41.4,1998-01-01,59.1742,68002,0.514366862846685,0.492557244346104
GRC,Greece,1998,10.72,11.1,129.0572,126.1,1998-01-01,33.51834,21.03192,0.977086129251216,0.492557244346104
ESP,Spain,1998,40.22,16.4,551397,346.4,1998-01-01,147.1184,144.3736,0.628222496676623,0.492557244346104
FRA,France,1998,60.05,10.3,1350164,829.4,1998-01-01,313.3722,348.2855,0.614295744813223,0.492557244346104
HRV,Croatia,1998,4.53,NA,22.70404,NA,1998-01-01,8.23649,6.69446,NA,0.492557244346104
ITA,Italy,1998,56.91,11.3,1131194,1258.2,1998-01-01,238.5382,272.8744,1.11227605521246,0.492557244346104
CYP,Cyprus,1998,0.68,5.1,9.15253,4.98,1998-01-01,6.06012,6.28759,0.544111846669719,0.492557244346104
LVA,Latvia,1998,2.41,14,6.41019,0.57,1998-01-01,3.28553,2.51208,0.0889209212207438,0.492557244346104
LTU,Lithuania,1998,3.55,13.2,10.02643,1.59,1998-01-01,5.06606,3.92282,0.158580870758585,0.492557244346104
LUX,Luxembourg,1998,0.42,2.7,18.05847,1.4,1998-01-01,19.2705,22.7859,0.0775259476578027,0.492557244346104
HUN,Hungary,1998,10.27,8.7,43.3679,24.79,1998-01-01,23.6283,22.9704,0.571620945445825,0.492557244346104
MLT,Malta,1998,0.39,6.2,3.55054,1.79,1998-01-01,4.01103,3.91751,0.504148664710157,0.492557244346104
NLD,Netherlands,1998,15.71,5.1,386.5175,244.6,1998-01-01,207.2142,230.8839,0.63283033756557,0.492557244346104
AUT,Austria,1998,7.98,4.7,194.4967,124.6,1998-01-01,75.1443,74.7889,0.64062783584503,0.492557244346104
POL,Poland,1998,38.66,10.2,154.7488,57,1998-01-01,47.4746,40.2069,0.368338882110879,0.492557244346104
PRT,Portugal,1998,10.16,6.1,110.7153,57.7,1998-01-01,40.39874,30.24946,0.521156515856435,0.492557244346104
ROM,Romania,1998,22.51,6.3,37.3143,4.85,1998-01-01,11.42427,8.5304,0.129976979335,0.492557244346104
SVN,Slovenia,1998,1.98,7.4,19.76597,4.43,1998-01-01,9.73163,9.3969,0.224122570255849,0.492557244346104
SVK,Slovakia,1998,5.39,12.7,20.3153,6.29,1998-01-01,11.63357,9.47854,0.309618858692709,0.492557244346104
FIN,Finland,1998,5.15,11.4,119.6419,56.4,1998-01-01,35.35529,44.8267,0.471406756328677,0.492557244346104
SWE,Sweden,1998,8.85,8.2,237893,149.4,1998-01-01,82.5882,97601,0.628013434611359,0.492557244346104
GBR,United Kingdom,1998,58.49,6.1,1449229,578.7,1998-01-01,358.1754,346.4817,0.399315774111614,0.492557244346104
BEL,Belgium,1999,10.23,8.5,244226,279.4,1999-01-01,146776,156057,1.1440223399638,0.510065726113217
BGR,Bulgaria,1999,8.21,12.3,12.68017,9.65,1999-01-01,6.05972,5.47387,0.761030806369315,0.510065726113217
CZE,Czech Republic,1999,10.28,8.7,60.6573,9.42,1999-01-01,26.3495,26.0938,0.155298702711792,0.510065726113217
DNK,Denmark,1999,5.32,5.2,166.9717,NA,1999-01-01,55.7583,65.7761,NA,0.510065726113217
DEU,Germany,1999,82.1,8.6,2064.88,1238.6,1999-01-01,543646,558369,0.599841152996784,0.510065726113217
EST,Estonia,1999,1.39,11.3,5.3787,348,1999-01-01,4.01464,3.77759,0.0646996486139774,0.510065726113217
IRL,Ireland,1999,3.75,5.7,92.7164,43.2,1999-01-01,68.1184,80.4016,0.465936986336829,0.510065726113217
GRC,Greece,1999,10.76,12,139.9434,136.5,1999-01-01,39.35422,26.94762,0.975394337996647,0.510065726113217
ESP,Spain,1999,40.39,13.6,594316,362.2,1999-01-01,168434,156883,0.60944009584127,0.510065726113217
FRA,France,1999,60.35,10,1408159,847.5,1999-01-01,331102,362177,0.601849649080821,0.510065726113217
HRV,Croatia,1999,4.51,NA,21.93881,NA,1999-01-01,8.00995,6.68197,NA,0.510065726113217
ITA,Italy,1999,56.92,10.9,1171901,1285.1,1999-01-01,251.6622,272.4728,1.09659433689365,0.510065726113217
CYP,Cyprus,1999,0.69,5.4,9.83964,5.42,1999-01-01,6.32526,6.58538,0.550833160562785,0.510065726113217
LVA,Latvia,1999,2.39,14.1,7.04586,0.9,1999-01-01,3.15938,2.46825,0.127734584564553,0.510065726113217
LTU,Lithuania,1999,3.52,14.6,10.29351,2.48,1999-01-01,4.36427,3.33657,0.240928507379893,0.510065726113217
LUX,Luxembourg,1999,0.43,2.4,20.87064,1.41,1999-01-01,22.6211,27305,0.0675590207104334,0.510065726113217
HUN,Hungary,1999,10.24,6.9,46.0418,27.34,1999-01-01,26.8523,25.6115,0.593808235125473,0.510065726113217
MLT,Malta,1999,0.39,6.7,3.83509,2442,1999-01-01,4.39726,4.30897,0.63675167988235,0.510065726113217
NLD,Netherlands,1999,15.81,4.2,414838,242.9,1999-01-01,227729,249.9,0.585529773068041,0.510065726113217
AUT,Austria,1999,7.99,4.2,203.4183,135.1,1999-01-01,79.2083,80.2296,0.664148702452041,0.510065726113217
POL,Poland,1999,38.47,13.4,159.2672,63.1,1999-01-01,47.6162,38.4224,0.396189548130437,0.510065726113217
PRT,Portugal,1999,10.22,5.5,119.6392,61.1,1999-01-01,44.05271,31.67072,0.510702177881497,0.510065726113217
ROM,Romania,1999,22.47,7.1,33.9423,6.53,1999-01-01,10.93673,9.40374,0.192385312721884,0.510065726113217
SVN,Slovenia,1999,1.98,7.3,21.2075,4.92,1999-01-01,10.28169,9.36263,0.23199339856183,0.510065726113217
SVK,Slovakia,1999,5.4,16.5,19.49154,9.55,1999-01-01,10.11182,9.2543,0.489956155337136,0.510065726113217
FIN,Finland,1999,5.17,10.2,126923,55.9,1999-01-01,36343,47726,0.440424509348187,0.510065726113217
SWE,Sweden,1999,8.86,6.7,254.0844,160.7,1999-01-01,88.8572,104.2708,0.632467007026012,0.510065726113217
GBR,United Kingdom,1999,58.68,5.9,1550251,660.7,1999-01-01,392.6736,368.1281,0.426189049386196,0.510065726113217
BEL,Belgium,2000,10.25,6.9,258222,280.9,2000-01-01,178745,185552,1.08782365561416,0.48084126030731
BGR,Bulgaria,2000,8.17,16.4,14.3063,10.17,2000-01-01,5.98287,5.21814,0.710875628219735,0.48084126030731
CZE,Czech Republic,2000,10.26,8.8,66.6479,11.53,2000-01-01,33.4462,32.2107,0.172998699133806,0.48084126030731
DNK,Denmark,2000,5.34,4.3,178.0178,93.1,2000-01-01,67.9652,79.9113,0.522981409724196,0.48084126030731
DEU,Germany,2000,82.21,7.9,2116.48,1245.8,2000-01-01,646806,652501,0.588618838826731,0.48084126030731
EST,Estonia,2000,1.4,14.6,6.17077,316,2000-01-01,4.00344,3.80342,0.051209168385793,0.48084126030731
IRL,Ireland,2000,3.81,4.3,108.3827,39.1,2000-01-01,87.4093,102.4091,0.360758681966771,0.48084126030731
GRC,Greece,2000,10.81,11.2,142.9759,148.2,2000-01-01,49.60876,33.91156,1.03653832568985,0.48084126030731
ESP,Spain,2000,40.57,11.9,646.25,374.6,2000-01-01,204355,184932,0.579651837524178,0.48084126030731
FRA,France,2000,60.76,8.6,1485303,870.4,2000-01-01,402308,418461,0.586008376741985,0.48084126030731
HRV,Croatia,2000,4.4,15.6,23.58338,8.44,2000-01-01,9.32767,8.60912,0.357879150486487,0.48084126030731
ITA,Italy,2000,56.94,10,1239266,1302.5,2000-01-01,307.5454,317.9683,1.05102536501445,0.48084126030731
CYP,Cyprus,2000,0.69,4.8,10.8045,5.93,2000-01-01,7.29656,7.55919,0.548845388495534,0.48084126030731
LVA,Latvia,2000,2.37,14.3,8.60886,1.01,2000-01-01,3.86282,3.17517,0.117320992558829,0.48084126030731
LTU,Lithuania,2000,3.5,16.4,12.49131,2.91,2000-01-01,5.58719,4.81486,0.232961955151221,0.48084126030731
LUX,Luxembourg,2000,0.44,2.2,23.07942,1.5,2000-01-01,28.4953,34.2695,0.0649929677608883,0.48084126030731
HUN,Hungary,2000,10.21,6.3,51.2279,27.7,2000-01-01,36097,34.2306,0.540720974312826,0.48084126030731
MLT,Malta,2000,0.39,6.7,4.39488,2654,2000-01-01,5.56076,5.24458,0.603884520168924,0.48084126030731
NLD,Netherlands,2000,15.93,3.7,448061,232.1,2000-01-01,268653,297929,0.518009824555139,0.48084126030731
AUT,Austria,2000,8.01,3.9,213.1961,140.4,2000-01-01,89.6363,92.5905,0.658548631987171,0.48084126030731
POL,Poland,2000,38.26,16.1,186.3774,70.7,2000-01-01,62.5515,50.7486,0.379337838171366,0.48084126030731
PRT,Portugal,2000,10.29,5.1,128.4663,64.6,2000-01-01,50.40059,36.21575,0.502855612717109,0.48084126030731
ROM,Romania,2000,22.44,7.6,40.7972,7.53,2000-01-01,15.50171,13.34699,0.184571490200308,0.48084126030731
SVN,Slovenia,2000,1.99,6.7,21.92347,5.48,2000-01-01,11.7671,10.96297,0.249960430534035,0.48084126030731
SVK,Slovakia,2000,5.39,18.9,22.34685,10.75,2000-01-01,12.65585,12.08198,0.481052139339549,0.48084126030731
FIN,Finland,2000,5.18,9.8,136261,57.9,2000-01-01,44.84,57348,0.424919822986768,0.48084126030731
SWE,Sweden,2000,8.87,5.6,281.8597,136.7,2000-01-01,107.7534,124.2943,0.484993065698998,0.48084126030731
GBR,United Kingdom,2000,58.89,5.4,1773425,645.9,2000-01-01,476.3226,442.7874,0.364210496637862,0.48084126030731
BEL,Belgium,2001,10.29,6.6,265788,286,2001-01-01,179.87,188764,1.07604557015366,0.485336047641993
BGR,Bulgaria,2001,8.01,19.5,15.78437,10.27,2001-01-01,7.03018,5548,0.650643643046887,0.485336047641993
CZE,Czech Republic,2001,10.22,8.1,75.2214,18.27,2001-01-01,37.9059,36.9605,0.24288300935638,0.485336047641993
DNK,Denmark,2001,5.36,4.5,184.0464,89.5,2001-01-01,70.7749,83.9166,0.486290413721757,0.485336047641993
DEU,Germany,2001,82.35,7.8,2179.85,1258.7,2001-01-01,656.29,694733,0.57742505218249,0.485336047641993
EST,Estonia,2001,1.39,13,6.97637,333,2001-01-01,4.55592,4.27972,0.0477325600563044,0.485336047641993
IRL,Ireland,2001,3.87,3.9,121.9406,40.5,2001-01-01,97203,116.2545,0.332128921786509,0.485336047641993
GRC,Greece,2001,10.86,10.7,152.1938,163,2001-01-01,50.75851,34.68306,1.07100289236487,0.485336047641993
ESP,Spain,2001,40.85,10.6,699528,378.9,2001-01-01,211341,194904,0.541650941777884,0.485336047641993
FRA,France,2001,61.2,7.8,1544629,897.3,2001-01-01,409674,429317,0.580916194115221,0.485336047641993
HRV,Croatia,2001,4.3,16,25.96517,9.64,2001-01-01,10.95272,10.03877,0.371266585198556,0.485336047641993
ITA,Italy,2001,56.97,9,1298.89,1360.3,2001-01-01,317.9225,334.2272,1.04727883038594,0.485336047641993
CYP,Cyprus,2001,0.7,3.9,11.60293,6.57,2001-01-01,7.38413,7.91422,0.56623628686892,0.485336047641993
LVA,Latvia,2001,2.34,13.5,9.3615,1.31,2001-01-01,4.53452,3.56261,0.139934839502217,0.485336047641993
LTU,Lithuania,2001,3.47,17.4,13.68143,3.19,2001-01-01,6.77334,6.02566,0.233162761494961,0.485336047641993
LUX,Luxembourg,2001,0.44,1.9,23.77193,1.64,2001-01-01,29.4546,35.0492,0.0689889293801555,0.485336047641993
HUN,Hungary,2001,10.19,5.6,59.9531,32.44,2001-01-01,39.6387,38.9006,0.541089618385038,0.485336047641993
MLT,Malta,2001,0.39,7.6,4.5411,3,2001-01-01,5.00264,4927,0.66063288630508,0.485336047641993
NLD,Netherlands,2001,16.05,3.1,476696,234.5,2001-01-01,272494,304244,0.49192776947992,0.485336047641993
AUT,Austria,2001,8.04,4,220.0957,146.3,2001-01-01,94.5218,98367,0.664710850779911,0.485336047641993
POL,Poland,2001,38.25,18.3,212.4036,83.3,2001-01-01,65.5166,57.8372,0.392177910355568,0.485336047641993
PRT,Portugal,2001,10.36,5.1,135.8275,72.6,2001-01-01,51.12558,37.24934,0.534501481658722,0.485336047641993
ROM,Romania,2001,22.13,7.4,45.5035,10.92,2001-01-01,18.44699,14.99671,0.239981539881548,0.485336047641993
SVN,Slovenia,2001,1.99,6.2,23.24809,6.04,2001-01-01,12.27261,12.03063,0.259806289462919,0.485336047641993
SVK,Slovakia,2001,5.38,19.5,23.87163,11.67,2001-01-01,15.71252,13.79656,0.488864815682884,0.485336047641993
FIN,Finland,2001,5.19,9.1,144437,59.2,2001-01-01,44.13,57.36,0.409867277775085,0.485336047641993
SWE,Sweden,2001,8.9,5.8,267758,138.9,2001-01-01,100.4688,117.1547,0.518752007409676,0.485336047641993
GBR,United Kingdom,2001,59.12,5,1801932,637,2001-01-01,489128,447.1452,0.353509455406752,0.485336047641993
BEL,Belgium,2002,10.33,7.5,275065,288,2002-01-01,178.27,193411,1.04702524857761,0.474389850478054
BGR,Bulgaria,2002,7.84,18.2,17.34354,8.89,2002-01-01,7.27483,5.88094,0.512582782984327,0.474389850478054
CZE,Czech Republic,2002,10.2,7.3,86.8286,21.96,2002-01-01,40.3957,39.2834,0.252912058929892,0.474389850478054
DNK,Denmark,2002,5.38,4.6,189.7945,93.2,2002-01-01,73.8152,86.8199,0.49105743317114,0.474389850478054
DEU,Germany,2002,82.49,8.6,2209.29,1312.4,2002-01-01,622997,719655,0.594036998311675,0.474389850478054
EST,Estonia,2002,1.38,11.2,7.77384,443,2002-01-01,5.11302,4.53365,0.0569859940518457,0.474389850478054
IRL,Ireland,2002,3.93,4.5,135.9505,41.5,2002-01-01,99.6456,123.0087,0.305258163816978,0.474389850478054
GRC,Greece,2002,10.9,10.3,163.4608,171.4,2002-01-01,49.42423,32.87663,1.04856944294901,0.474389850478054
ESP,Spain,2002,41.43,11.5,749288,384.1,2002-01-01,213.59,198.39,0.512619980568219,0.474389850478054
FRA,France,2002,61.64,7.9,1594259,956.8,2002-01-01,404555,431084,0.600153425509908,0.474389850478054
HRV,Croatia,2002,4.31,15.3,28.54171,10.36,2002-01-01,13.00004,10.75208,0.362977551099776,0.474389850478054
ITA,Italy,2002,57.06,8.5,1345794,1371.7,2002-01-01,319.3063,329.3452,1.01924960283669,0.474389850478054
CYP,Cyprus,2002,0.71,3.5,12.08295,7.25,2002-01-01,7.39912,7.5404,0.60001903508663,0.474389850478054
LVA,Latvia,2002,2.31,12.5,10.15661,1.26,2002-01-01,4.74502,3.7153,0.124057141113029,0.474389850478054
LTU,Lithuania,2002,3.44,13.8,15.17302,3.37,2002-01-01,8.0444,7.18323,0.222104762268817,0.474389850478054
LUX,Luxembourg,2002,0.45,2.6,25.09471,1.7,2002-01-01,29.3303,35.6256,0.0677433610509944,0.474389850478054
HUN,Hungary,2002,10.16,5.6,71.7061,40.52,2002-01-01,43108,41.6652,0.565084420990683,0.474389850478054
MLT,Malta,2002,0.4,7.4,4.73721,2926,2002-01-01,5.07961,5.2879,0.617663139273961,0.474389850478054
NLD,Netherlands,2002,16.15,3.7,494501,240.1,2002-01-01,266831,300413,0.485539968574381,0.474389850478054
AUT,Austria,2002,8.08,4.4,226.3027,150.5,2002-01-01,94.2566,102536,0.665038463968835,0.474389850478054
POL,Poland,2002,38.23,20,210.1448,84.2,2002-01-01,67.5957,60.4339,0.400676105237912,0.474389850478054
PRT,Portugal,2002,10.42,6.2,142.6314,80.1,2002-01-01,50.22837,38.43282,0.561587420441782,0.474389850478054
ROM,Romania,2002,21.73,8.3,48.8109,10.76,2002-01-01,19.92695,17.19334,0.220442565082799,0.474389850478054
SVN,Slovenia,2002,1.99,6.3,25.05073,6.71,2002-01-01,12.81835,13.06585,0.267856465659883,0.474389850478054
SVK,Slovakia,2002,5.38,18.8,26.30563,11.6,2002-01-01,17.02336,15.12111,0.440970240971229,0.474389850478054
FIN,Finland,2002,5.2,9.1,148289,59.7,2002-01-01,44.79,57.96,0.402592235432163,0.474389850478054
SWE,Sweden,2002,8.93,6,280.5213,141,2002-01-01,100.3523,118.0716,0.502635628738353,0.474389850478054
GBR,United Kingdom,2002,59.37,5.1,1864812,625.6,2002-01-01,497.7105,445.3197,0.33547617668698,0.474389850478054
BEL,Belgium,2003,10.38,8.2,282637,285.8,2003-01-01,179175,193878,1.01119103302115,0.474680929200206
BGR,Bulgaria,2003,7.78,13.7,18.65389,8.13,2003-01-01,8.38342,6.46976,0.435834027111771,0.474680929200206
CZE,Czech Republic,2003,10.19,7.8,87.96,24.33,2003-01-01,42455,41.3955,0.276603001364256,0.474680929200206
DNK,Denmark,2003,5.39,5.4,193.3536,89.1,2003-01-01,71.6999,84.8385,0.460813762971054,0.474680929200206
DEU,Germany,2003,82.53,9.7,2220.08,1400.3,2003-01-01,642217,723557,0.630743036286981,0.474680929200206
EST,Estonia,2003,1.37,10.3,8.70888,0.49,2003-01-01,5.73762,4.99851,0.0562644105786278,0.474680929200206
IRL,Ireland,2003,4,4.6,145.5566,43.6,2003-01-01,95.6297,117.6847,0.299539835363013,0.474680929200206
GRC,Greece,2003,10.93,9.7,178.9049,181.5,2003-01-01,53.0372,33.17717,1.01450547190155,0.474680929200206
ESP,Spain,2003,42.19,11.5,803472,382.8,2003-01-01,222273,204462,0.476432283887926,0.474680929200206
FRA,France,2003,62.08,8.5,1637438,1050.3,2003-01-01,401518,419362,0.641428866314328,0.474680929200206
HRV,Croatia,2003,4.31,14.1,30.70281,11.59,2003-01-01,14.22431,11.94036,0.37748987796231,0.474680929200206
ITA,Italy,2003,57.31,8.4,1390.71,1397.5,2003-01-01,318.5824,324.88,1.00488239819948,0.474680929200206
CYP,Cyprus,2003,0.72,4.1,12.87137,8.09,2003-01-01,7.23915,7.43475,0.628526722485641,0.474680929200206
LVA,Latvia,2003,2.29,11.6,10.47934,1.39,2003-01-01,5.09946,3.78501,0.132641941190953,0.474680929200206
LTU,Lithuania,2003,3.42,12.4,16.66872,3.4,2003-01-01,8.66045,7.6959,0.20397487029598,0.474680929200206
LUX,Luxembourg,2003,0.45,3.8,26.18779,1.79,2003-01-01,30.1686,36.3749,0.0683524650228217,0.474680929200206
HUN,Hungary,2003,10.13,5.8,75.2207,41.84,2003-01-01,45.4122,42.4487,0.556229867576345,0.474680929200206
MLT,Malta,2003,0.4,7.7,4.79465,3.27,2003-01-01,5.1232,5.16485,0.682010157154328,0.474680929200206
NLD,Netherlands,2003,16.23,4.8,506671,251.8,2003-01-01,268259,302.53,0.496969433814053,0.474680929200206
AUT,Austria,2003,8.12,4.8,230.9992,151.9,2003-01-01,96.8158,102.9802,0.657578034902285,0.474680929200206
POL,Poland,2003,38.2,19.8,192.2753,83.8,2003-01-01,69.3076,64.2032,0.43583341177988,0.474680929200206
PRT,Portugal,2003,10.46,7.4,146.1583,85.7,2003-01-01,49.23569,39.09984,0.586350552791049,0.474680929200206
ROM,Romania,2003,21.57,7.7,52.9316,10.31,2003-01-01,22.21517,18.28412,0.194779677923962,0.474680929200206
SVN,Slovenia,2003,2,6.7,26.30309,6.94,2003-01-01,13.4705,13.38718,0.263847327443278,0.474680929200206
SVK,Slovakia,2003,5.37,17.7,30.06453,12.6,2003-01-01,19.2684,18.69799,0.419098519085447,0.474680929200206
FIN,Finland,2003,5.21,9,151569,64.9,2003-01-01,46.64,56484,0.428187822048044,0.474680929200206
SWE,Sweden,2003,8.96,6.6,293.4436,146.4,2003-01-01,102423,121.0288,0.498903366779851,0.474680929200206
GBR,United Kingdom,2003,59.65,5,1795464,632.1,2003-01-01,467.5869,423676,0.352053842349387,0.474680929200206
BEL,Belgium,2018,11.43,6,460.0508,459.4,2018-01-01,383.7521,382.2085,0.998585373615262,0.662541897465632
BEL,Belgium,2019,11.49,5.5,478.6762,467.3,2019-01-01,391.4089,394.4157,0.976234038792821,0.642670099975686
BEL,Belgium,2020,11.54,5.8,460.5352,515.2,2020-01-01,353.0793,362.2934,1.11869841870936,0.763172951950267
BEL,Belgium,2021,11.59,6.3,508.0612,548.4,2021-01-01,437.6317,446.5929,1.07939752140097,0.733612467515806
BEL,Belgium,2022,11.68,5.6,554.2137,577.9,2022-01-01,539.4212,530.3949,1.04273856817325,0.685199845303866
BEL,Belgium,2023,11.76,5.5,584.6989,614.9,2023-01-01,512.2769,506.8242,1.05165239749895,0.66954766199418
BGR,Bulgaria,2018,7.03,6.2,56.1998,12.43,2018-01-01,35.51383,36.92862,0.221175164324428,0.662541897465632
BGR,Bulgaria,2019,6.98,5.2,61.5308,12.31,2019-01-01,37.37582,39.34619,0.200062407769767,0.642670099975686
BGR,Bulgaria,2020,6.93,6.1,61.6077,15.13,2020-01-01,33.39004,34.58092,0.245586184843778,0.763172951950267
BGR,Bulgaria,2021,6.88,5.3,71.0601,17.01,2021-01-01,42.33306,43.6317,0.239374839044696,0.733612467515806
BGR,Bulgaria,2022,6.47,4.2,85.8007,19.35,2022-01-01,59.19288,59.36893,0.225522635596213,0.685199845303866
BGR,Bulgaria,2023,6.44,4.3,93.9465,21.67,2023-01-01,54.22342,57.19725,0.230663196606579,0.66954766199418
CZE,Czech Republic,2018,10.63,2.2,210.9705,67.4,2018-01-01,149.7995,162.3282,0.319475945689089,0.662541897465632
CZE,Czech Republic,2019,10.67,2,225.6095,68.5,2019-01-01,153.1691,166.6798,0.303621966273583,0.642670099975686
CZE,Czech Republic,2020,10.7,2.6,215.8047,81.9,2020-01-01,136.3876,150.9527,0.379509806783634,0.763172951950267
CZE,Czech Republic,2021,10.7,2.8,238.2631,103.3,2021-01-01,166.2285,173.2846,0.43355433552237,0.733612467515806
CZE,Czech Republic,2022,10.69,2.2,276.2815,124.3,2022-01-01,208.5116,211.2236,0.449903449923357,0.685199845303866
CZE,Czech Republic,2023,10.71,2.6,305.9629,130.6,2023-01-01,204.73,220.3261,0.426849137591518,0.66954766199418
DNK,Denmark,2018,5.79,5.1,302.33,102.6,2018-01-01,152.4203,170.9973,0.339364270829888,0.662541897465632
DNK,Denmark,2019,5.81,5,309.5279,104.2,2019-01-01,159.6472,181.5294,0.336641704996545,0.642670099975686
DNK,Denmark,2020,5.83,5.6,311.3557,131.9,2020-01-01,151.4312,171.6186,0.423631235914422,0.763172951950267
DNK,Denmark,2021,5.86,5.1,342.9604,123.5,2021-01-01,178.3712,201.3279,0.360099883251827,0.733612467515806
DNK,Denmark,2022,5.9,4.5,380.6196,113.6,2022-01-01,224.2507,266.4809,0.298460720362272,0.685199845303866
DNK,Denmark,2023,5.95,5.1,373753,109.5,2023-01-01,222168,257.9232,0.292974236996091,0.66954766199418
DEU,Germany,2018,82.91,3.2,3365.45,2083.7,2018-01-01,1386936,1592156,0.619144542334606,0.662541897465632
DEU,Germany,2019,83.09,3,3474.11,2069.9,2019-01-01,1431014,1637264,0.595807271502629,0.642670099975686
DEU,Germany,2020,83.16,3.7,3403.73,2340.8,2020-01-01,1282198,1479839,0.68771612319426,0.763172951950267
DEU,Germany,2021,83.2,3.7,3617.45,2495.5,2021-01-01,1515045,1710313,0.689850585357089,0.733612467515806
DEU,Germany,2022,83.8,3.1,3876.81,2561.7,2022-01-01,1897947,1974224,0.660775224991681,0.685199845303866
DEU,Germany,2023,84.54,3.1,4121.16,2622.7,2023-01-01,1770998,1942519,0.636398489745606,0.66954766199418
EST,Estonia,2018,1.32,5.4,25.93218,2.13,2018-01-01,18.5665,19.2738,0.0821373289866105,0.662541897465632
EST,Estonia,2019,1.33,4.5,27.95102,2.37,2019-01-01,19.36897,20.50474,0.084791181144731,0.642670099975686
EST,Estonia,2020,1.33,6.9,27.42998,5.09,2020-01-01,19.13639,18.98457,0.185563387213552,0.763172951950267
EST,Estonia,2021,1.33,6.2,31.16897,5.53,2021-01-01,25.3317,25.01905,0.177420043074891,0.733612467515806
EST,Estonia,2022,1.35,5.6,36.01114,6.66,2022-01-01,31.08172,30.89098,0.184942770487133,0.685199845303866
EST,Estonia,2023,1.38,6.4,37.68245,7.37,2023-01-01,29.30838,29.53525,0.195581762863083,0.66954766199418
IRL,Ireland,2018,4.87,5.8,327.4414,205.8,2018-01-01,307.9853,401.0533,0.628509406568626,0.662541897465632
IRL,Ireland,2019,4.93,5,356.3574,203.4,2019-01-01,443633,456.1526,0.570775294690106,0.642670099975686
IRL,Ireland,2020,4.99,5.9,375.2497,217.9,2020-01-01,428237,498.8537,0.580680011203207,0.763172951950267
IRL,Ireland,2021,5.03,6.2,434.0697,236.1,2021-01-01,406.5733,580.5221,0.543921863239936,0.733612467515806
IRL,Ireland,2022,5.17,4.5,506.2824,224.7,2022-01-01,492.0031,694.0513,0.443823447151234,0.685199845303866
IRL,Ireland,2023,5.35,4.3,504.6197,220.7,2023-01-01,507.7095,676.8772,0.437359064657999,0.66954766199418
GRC,Greece,2018,10.73,19.7,179.5577,334.7,2018-01-01,73.9008,70.0148,1.86402476752598,0.662541897465632
GRC,Greece,2019,10.72,17.9,183.3474,331.1,2019-01-01,76.5937,73.5421,1.8058614411767,0.642670099975686
GRC,Greece,2020,10.7,17.6,165.0157,341.6,2020-01-01,65637,52.9108,2.07010605657522,0.763172951950267
GRC,Greece,2021,10.57,14.7,181.5004,353.9,2021-01-01,88.4163,74.3095,1.94985796174554,0.733612467515806
GRC,Greece,2022,10.51,12.5,206.6204,356.8,2022-01-01,121.6167,101.5267,1.72683820184261,0.685199845303866
GRC,Greece,2023,10.46,11.1,220.3026,356.7,2023-01-01,109.7017,98.8465,1.61913658758453,0.66954766199418
ESP,Spain,2018,46.8,15.3,1203859,1208.9,2018-01-01,390.41,423097,1.00418736745748,0.662541897465632
ESP,Spain,2019,47.13,14.1,1245513,1223.4,2019-01-01,398153,434.77,0.982245869774141,0.642670099975686
ESP,Spain,2020,47.37,15.5,1119.01,1345.8,2020-01-01,328.32,344423,1.20267021742433,0.763172951950267
ESP,Spain,2021,47.42,14.9,1222.29,1428.1,2021-01-01,405982,417735,1.1683806625269,0.733612467515806
ESP,Spain,2022,47.76,13,1346377,1502.8,2022-01-01,534006,550319,1.11618068341928,0.685199845303866
ESP,Spain,2023,48.17,12.2,1461889,1573.8,2023-01-01,509212,569493,1.07655232374004,0.66954766199418
FRA,France,2018,67.1,9,2363306,2319.8,2018-01-01,773375,749491,0.981591042378769,0.662541897465632
FRA,France,2019,67.25,8.4,2437635,2386.1,2019-01-01,793436,770099,0.978858606805367,0.642670099975686
FRA,France,2020,67.49,8,2317832,2662.1,2020-01-01,682704,633411,1.14853017820101,0.763172951950267
FRA,France,2021,67.76,7.9,2502118,2826.7,2021-01-01,798609,751511,1.12972289876017,0.733612467515806
FRA,France,2022,68.02,7.3,2639092,2953.6,2022-01-01,1017725,915406,1.11917280640463,0.685199845303866
FRA,France,2023,68.26,7.3,2803.1,3101.4,2023-01-01,978217,916037,1.10641789447398,0.66954766199418
HRV,Croatia,2018,4.09,8.5,53.20182,38.66,2018-01-01,26.49596,26.04547,0.726666869667241,0.662541897465632
HRV,Croatia,2019,4.07,6.6,56.13139,39.42,2019-01-01,28.38232,28.15727,0.702280844996,0.642670099975686
HRV,Croatia,2020,4.05,7.5,50.94666,43.78,2020-01-01,24.47613,20.93611,0.859330130768141,0.763172951950267
HRV,Croatia,2021,3.95,7.6,58.89838,45.74,2021-01-01,30.67392,29.06864,0.776591817975299,0.733612467515806
HRV,Croatia,2022,3.9,7,68.37011,46.33,2022-01-01,44.43244,40.22704,0.677635299987085,0.685199845303866
HRV,Croatia,2023,3.9,6.1,76.46814,48.18,2023-01-01,42.74262,41.31237,0.630066325661903,0.66954766199418
ITA,Italy,2018,60.15,10.6,1771391,2382,2018-01-01,512.8177,555.3941,1.34470594013405,0.662541897465632
ITA,Italy,2019,59.73,9.9,1796649,2410.9,2019-01-01,508.0304,567.7844,1.34188703525285,0.642670099975686
ITA,Italy,2020,59.44,9.3,1661.24,2574.2,2020-01-01,429.1552,488.9407,1.54956538489321,0.763172951950267
ITA,Italy,2021,59.13,9.5,1821935,2680.6,2021-01-01,545.7611,585.0763,1.47129288366489,0.733612467515806
ITA,Italy,2022,59.01,8.1,1962846,2758.2,2022-01-01,748.5742,716584,1.40520448369358,0.685199845303866
ITA,Italy,2023,58.99,7.7,2085376,2863.4,2023-01-01,702.2127,731.0189,1.37308571691628,0.66954766199418
CYP,Cyprus,2018,0.87,8.4,21.6751,21.34,2018-01-01,15.9443,16.2492,0.984539863714585,0.662541897465632
CYP,Cyprus,2019,0.88,7.1,23.1779,21.57,2019-01-01,17.4893,17.7282,0.930627882595058,0.642670099975686
CYP,Cyprus,2020,0.89,7.6,22.0866,25.38,2020-01-01,18.1217,17.82,1.14911303686398,0.763172951950267
CYP,Cyprus,2021,0.9,7.5,24.9276,24.74,2021-01-01,21.3008,22.2876,0.992474205298544,0.733612467515806
CYP,Cyprus,2022,0.91,6.8,27777,23.78,2022-01-01,26.3103,26.3986,0.856103970911186,0.685199845303866
CYP,Cyprus,2023,0.93,6.1,29.8072,23.04,2023-01-01,26.9073,26.6337,0.772967605142382,0.66954766199418
LVA,Latvia,2018,1.93,7.4,29.15356,10.78,2018-01-01,18123,17.91747,0.369766162348612,0.662541897465632
LVA,Latvia,2019,1.91,6.3,30.57287,11.21,2019-01-01,18.56449,18.35015,0.366664954909369,0.642670099975686
LVA,Latvia,2020,1.9,8.1,30.10946,12.87,2020-01-01,17.89887,18.29189,0.427440412415234,0.763172951950267
LVA,Latvia,2021,1.88,7.6,33.34893,14.81,2021-01-01,22.5915,21.54049,0.444092209255289,0.733612467515806
LVA,Latvia,2022,1.88,6.9,38.38619,16.04,2022-01-01,29.74175,27.98105,0.41785861008868,0.685199845303866
LVA,Latvia,2023,1.87,6.5,40.34805,17.58,2023-01-01,27.40056,25.8468,0.435708788900579,0.66954766199418
LTU,Lithuania,2018,2.8,6.2,45.51523,15.32,2018-01-01,33.40334,34.22991,0.336590631311761,0.662541897465632
LTU,Lithuania,2019,2.79,6.3,48.95916,17.53,2019-01-01,35.21735,37.81807,0.358053528696162,0.642670099975686
LTU,Lithuania,2020,2.79,8.5,49.87317,23.06,2020-01-01,31.82633,36.45633,0.462372854983952,0.763172951950267
LTU,Lithuania,2021,2.8,7.1,56.47811,24.54,2021-01-01,42.68085,45.21977,0.434504624889183,0.733612467515806
LTU,Lithuania,2022,2.83,6,67.43654,25.67,2022-01-01,59.88804,58.53425,0.380654167607057,0.685199845303866
LTU,Lithuania,2023,2.87,6.9,71.98618,27.56,2023-01-01,53.73989,56.50515,0.382851263950942,0.66954766199418
LUX,Luxembourg,2018,0.61,5.6,60.12116,12.57,2018-01-01,99.1534,118.7401,0.209077802224708,0.662541897465632
LUX,Luxembourg,2019,0.62,5.6,62.43153,13.96,2019-01-01,109.84,128866,0.223604963709843,0.642670099975686
LUX,Luxembourg,2020,0.63,6.8,64.52427,15.88,2020-01-01,109.1435,131.0619,0.246108944742808,0.763172951950267
LUX,Luxembourg,2021,0.64,5.3,72.36086,17.73,2021-01-01,130.1906,154.2898,0.245021963531113,0.733612467515806
LUX,Luxembourg,2022,0.65,4.6,77529,19.18,2022-01-01,137.4089,163.8019,0.247391298739826,0.685199845303866
LUX,Luxembourg,2023,0.67,5.2,79.30962,20.36,2023-01-01,144.0977,168.5572,0.256715389633691,0.66954766199418
HUN,Hungary,2018,9.78,3.6,136.0555,93.4,2018-01-01,108.1712,113.9538,0.686484559609865,0.662541897465632
HUN,Hungary,2019,9.77,3.3,146556,94.2,2019-01-01,116104,119.4867,0.642757717186604,0.642670099975686
HUN,Hungary,2020,9.75,4.1,137.9205,105.5,2020-01-01,105.8506,108509,0.764933421790089,0.763172951950267
HUN,Hungary,2021,9.71,4.1,154.0053,114.7,2021-01-01,122.8148,123.1136,0.744779562781281,0.733612467515806
HUN,Hungary,2022,9.68,3.6,168.7709,121.8,2022-01-01,160.0888,152.5948,0.721688395333556,0.685199845303866
HUN,Hungary,2023,9.59,4.1,196.39,144,2023-01-01,149.4372,159.4769,0.733234889760171,0.66954766199418
MLT,Malta,2018,0.48,4,13.04402,5.66,2018-01-01,18.52162,20.96213,0.433915311384067,0.662541897465632
MLT,Malta,2019,0.5,4.1,14.29649,5.72,2019-01-01,20.78022,23.42024,0.400098205923272,0.642670099975686
MLT,Malta,2020,0.52,4.9,13.35147,6.97,2020-01-01,21.25545,23.20518,0.52203989523251,0.763172951950267
MLT,Malta,2021,0.52,3.8,15.3235,8.26,2021-01-01,22.75621,25.46417,0.539041341730022,0.733612467515806
MLT,Malta,2022,0.53,3.5,17.43231,9,2022-01-01,26.61616,28.93539,0.516282695752886,0.685199845303866
MLT,Malta,2023,0.55,3.1,19.38187,9.77,2023-01-01,28.54754,32.31203,0.504079327742885,0.66954766199418
NLD,Netherlands,2018,17.23,4.9,773987,405.9,2018-01-01,573832,655439,0.524427412863524,0.662541897465632
NLD,Netherlands,2019,17.34,4.4,813055,394.8,2019-01-01,591359,671077,0.485576006543223,0.642670099975686
NLD,Netherlands,2020,17.44,4.9,796.53,435.5,2020-01-01,543204,623408,0.546746513000138,0.763172951950267
NLD,Netherlands,2021,17.53,4.2,870587,449.7,2021-01-01,634231,732209,0.51654803023707,0.733612467515806
NLD,Netherlands,2022,17.7,3.5,958549,480.5,2022-01-01,795208,898661,0.501278494891758,0.685199845303866
NLD,Netherlands,2023,17.88,3.6,1034086,480.7,2023-01-01,763719,878.6,0.464854954036705,0.66954766199418
AUT,Austria,2018,8.84,5.2,385.2741,285.4,2018-01-01,202.1203,213.6816,0.740771310607175,0.662541897465632
AUT,Austria,2019,8.88,4.8,397.1472,280.5,2019-01-01,207.0397,221.4524,0.706287240599959,0.642670099975686
AUT,Austria,2020,8.92,6,380.8885,315.9,2020-01-01,183.2963,196.4811,0.829376576084602,0.763172951950267
AUT,Austria,2021,8.96,6.2,405.2414,334.3,2021-01-01,223017,226.74,0.824940393553077,0.733612467515806
AUT,Austria,2022,9.04,4.8,447.2176,350.7,2022-01-01,275.4962,277.6469,0.784182017881228,0.685199845303866
AUT,Austria,2023,9.12,5.1,477.2488,371.1,2023-01-01,270.3232,283.8542,0.777581839912431,0.66954766199418
POL,Poland,2018,37.97,3.9,499.0053,240.8,2018-01-01,253008,263.2155,0.482560004873696,0.662541897465632
POL,Poland,2019,37.97,3.3,532.5023,245.7,2019-01-01,263.5534,283.2664,0.461406457774924,0.642670099975686
POL,Poland,2020,37.9,3.2,526.1417,293.2,2020-01-01,249.0402,278.8074,0.557264326321217,0.763172951950267
POL,Poland,2021,37.75,3.4,576.4218,306.9,2021-01-01,313.4724,332.5916,0.532422611358557,0.733612467515806
POL,Poland,2022,37.42,2.9,656.2631,323.2,2022-01-01,401.0029,412.6529,0.492485407148444,0.685199845303866
POL,Poland,2023,37.29,2.8,750.8064,389.7,2023-01-01,388.3448,434.0731,0.519041926121035,0.66954766199418
PRT,Portugal,2018,10.28,7.2,205.1841,249.3,2018-01-01,88.1944,89.1437,1.21500642593651,0.662541897465632
PRT,Portugal,2019,10.29,6.7,214.3746,250,2019-01-01,92.3018,93271,1.16618293398565,0.642670099975686
PRT,Portugal,2020,10.3,7,200.5189,270.5,2020-01-01,78.5848,74.2858,1.34900001944954,0.763172951950267
PRT,Portugal,2021,10.33,6.7,216.0532,269.1,2021-01-01,95.5478,89.4497,1.2455265647535,0.733612467515806
PRT,Portugal,2022,10.33,6.2,242.3408,272.4,2022-01-01,126.0322,120.1985,1.12403689349874,0.685199845303866
PRT,Portugal,2023,10.35,6.5,265503,263.1,2023-01-01,123.7485,125.9584,0.99094925481068,0.66954766199418
ROM,Romania,2018,19.47,5.3,206.0713,70.7,2018-01-01,92.5856,85.6056,0.343085136066983,0.662541897465632
ROM,Romania,2019,19.37,4.9,224.1764,78,2019-01-01,99.3166,90.1193,0.347940282741627,0.642670099975686
ROM,Romania,2020,19.27,6.1,220.4877,102.4,2020-01-01,90.8025,81.3083,0.464424999671184,0.763172951950267
ROM,Romania,2021,19.12,5.6,241.6159,116.5,2021-01-01,111.7767,98.0743,0.482170254523812,0.733612467515806
ROM,Romania,2022,19.05,5.6,284.1762,134.5,2022-01-01,141.9578,122.9737,0.473297904609886,0.685199845303866
ROM,Romania,2023,19.05,5.6,324.5771,157.5,2023-01-01,142.5201,126997,0.48524680268571,0.66954766199418
SVN,Slovenia,2018,2.07,5.1,45.87635,32.25,2018-01-01,35.02647,38.89979,0.702976588154899,0.662541897465632
SVN,Slovenia,2019,2.09,4.4,48.58231,31.75,2019-01-01,36.44828,40.62195,0.653530060633181,0.642670099975686
SVN,Slovenia,2020,2.1,5,47.04492,37.42,2020-01-01,32.37893,36.58248,0.795410003885648,0.763172951950267
SVN,Slovenia,2021,2.11,4.8,52.27876,38.88,2021-01-01,40.63249,43.68565,0.743705474269091,0.733612467515806
SVN,Slovenia,2022,2.11,4,57.0377,41.34,2022-01-01,52.40668,53.69876,0.724783783357323,0.685199845303866
SVN,Slovenia,2023,2.12,3.7,63.08958,43.67,2023-01-01,48.78578,52.99466,0.69219037438512,0.66954766199418
SVK,Slovakia,2018,5.45,6.5,89.8747,44.41,2018-01-01,84.4536,86.1322,0.494132386533696,0.662541897465632
SVK,Slovakia,2019,5.45,5.7,94.4297,45.31,2019-01-01,86.4833,86.7891,0.479827850771526,0.642670099975686
SVK,Slovakia,2020,5.46,6.7,93.4497,54.99,2020-01-01,77.9634,79.4798,0.588444906725222,0.763172951950267
SVK,Slovakia,2021,5.45,6.8,100.2446,61.24,2021-01-01,92.3659,92.2858,0.610905724597634,0.733612467515806
SVK,Slovakia,2022,5.5,6.1,109762,63.38,2022-01-01,114.8667,108.9908,0.57743116925712,0.685199845303866
SVK,Slovakia,2023,5.54,5.8,122.8128,68.83,2023-01-01,110.6503,112.2888,0.560446468120587,0.66954766199418
FIN,Finland,2018,5.52,7.5,233462,151.4,2018-01-01,92739,89.81,0.648499541681302,0.662541897465632
FIN,Finland,2019,5.52,6.8,239858,155.6,2019-01-01,95283,95657,0.648717157651611,0.642670099975686
FIN,Finland,2020,5.53,7.7,238038,177.9,2020-01-01,85006,85188,0.747359665263529,0.763172951950267
FIN,Finland,2021,5.54,7.7,250664,181.9,2021-01-01,98872,98956,0.725672613538442,0.733612467515806
FIN,Finland,2022,5.56,6.8,267687,196.8,2022-01-01,127979,121574,0.735186990776541,0.685199845303866
FIN,Finland,2023,5.59,7.2,277625,210.5,2023-01-01,114.89,113728,0.758217019360648,0.66954766199418
SWE,Sweden,2018,10.18,6.5,470675,186.3,2018-01-01,204.4995,215.0188,0.395814521697562,0.662541897465632
SWE,Sweden,2019,10.28,7,476.8704,172,2019-01-01,208.0329,227988,0.360684999530271,0.642670099975686
SWE,Sweden,2020,10.35,8.5,480.5586,201.7,2020-01-01,189.1656,210712,0.419719884317958,0.763172951950267
SWE,Sweden,2021,10.42,8.9,540.7548,196.4,2021-01-01,225.7627,251434,0.36319603635511,0.733612467515806
SWE,Sweden,2022,10.49,7.5,561.9226,178,2022-01-01,281.6775,297.0411,0.316769604924237,0.685199845303866
SWE,Sweden,2023,10.54,7.7,548.3752,177.2,2023-01-01,271.9099,296.0249,0.323136421924259,0.66954766199418
GBR,United Kingdom,2018,66.44,4.2,2432791,2077.5,2018-01-01,801.91,768278,0.853957450516711,0.662541897465632
GBR,United Kingdom,2019,66.8,3.9,2544994,2249.1,2019-01-01,840621,805103,0.883734892891692,0.642670099975686
GBR,United Kingdom,2020,67.08,4.7,2365155,2477.5,2020-01-01,687848,702262,1.04750005813572,0.763172951950267
GBR,United Kingdom,2021,67.03,4.6,2657423,2861.2,2021-01-01,790619,786526,1.07668218420628,0.733612467515806
GBR,United Kingdom,2022,67.3,3.9,2939171,2836.2,2022-01-01,1060958,982578,0.964965971697462,0.685199845303866
GBR,United Kingdom,2023,67.85,4,3089478,3130.8,2023-01-01,1032341,993967,1.01337507501267,0.66954766199418
BEL,Belgium,2004,10.42,8.4,298711,288.3,2004-01-01,196157,210203,0.965146914576296,0.477413718045861
BGR,Bulgaria,2004,7.72,12.1,20.93249,7.53,2004-01-01,10.99135,8.63927,0.359727868017613,0.477413718045861
CZE,Czech Republic,2004,10.2,8.3,95.8782,28.56,2004-01-01,54.2827,55063,0.297877932627021,0.477413718045861
DNK,Denmark,2004,5.4,5.5,202.4232,89.4,2004-01-01,77.5615,88.9967,0.441648980946848,0.477413718045861
DEU,Germany,2004,82.52,10.4,2270.62,1470.6,2004-01-01,690443,804899,0.64766451453788,0.477413718045861
EST,Estonia,2004,1.36,10.1,9.70766,491,2004-01-01,6.73658,5.97198,0.0505786152378637,0.477413718045861
IRL,Ireland,2004,4.07,4.5,156144,44.1,2004-01-01,103.3057,125.7527,0.282431601598524,0.477413718045861
GRC,Greece,2004,10.96,10.6,193.7158,199.3,2004-01-01,56.54628,40.11489,1.02882676580847,0.477413718045861
ESP,Spain,2004,42.92,11,861.42,389.9,2004-01-01,250101,216896,0.452624735901186,0.477413718045861
FRA,France,2004,62.53,8.9,1710.76,1123.5,2004-01-01,432613,443241,0.656725665785966,0.477413718045861
HRV,Croatia,2004,4.31,13.8,33.46466,13.22,2004-01-01,15.21656,13.20327,0.395043607196368,0.477413718045861
ITA,Italy,2004,57.69,8,1448363,1449.7,2004-01-01,340.0863,348.5181,1.00092311112615,0.477413718045861
CYP,Cyprus,2004,0.73,4.6,13.93787,8.96,2004-01-01,7.94658,7.92929,0.642852889286527,0.477413718045861
LVA,Latvia,2004,2.26,11.7,11.67279,1.59,2004-01-01,6.37708,4.56188,0.136214221278717,0.477413718045861
LTU,Lithuania,2004,3.38,10.9,18.2374,3.4,2004-01-01,9.91821,8.63481,0.186430083235549,0.477413718045861
LUX,Luxembourg,2004,0.46,5,27.93553,2.03,2004-01-01,35.8057,42.7513,0.0726673164962326,0.477413718045861
HUN,Hungary,2004,10.11,6.1,83.5411,49.99,2004-01-01,53.1952,49.9147,0.598388098792092,0.477413718045861
MLT,Malta,2004,0.4,7.2,4.86717,3452,2004-01-01,5.10055,5.03578,0.709241715411625,0.477413718045861
NLD,Netherlands,2004,16.28,5.7,523939,261.3,2004-01-01,291375,332889,0.498722179490361,0.477413718045861
AUT,Austria,2004,8.17,5.5,241505,157.2,2004-01-01,106.3058,113.3052,0.650918200451336,0.477413718045861
POL,Poland,2004,38.18,19.1,206.1215,102.9,2004-01-01,76.1585,70.6272,0.49922012017184,0.477413718045861
PRT,Portugal,2004,10.48,7.8,152.3716,94.5,2004-01-01,54105,41.52794,0.620194314426048,0.477413718045861
ROM,Romania,2004,21.45,8,61.4045,11.77,2004-01-01,27.37233,21.88278,0.191679762883828,0.477413718045861
SVN,Slovenia,2004,2,6.3,27.73666,7.43,2004-01-01,15.64649,15.2458,0.267876521542248,0.477413718045861
SVK,Slovakia,2004,5.37,18.4,34.70228,14.57,2004-01-01,24.79455,23.84479,0.419857139069825,0.477413718045861
FIN,Finland,2004,5.23,8.8,158477,67.7,2004-01-01,51.35,61155,0.427191327448147,0.477413718045861
SWE,Sweden,2004,8.99,7.4,307.4318,151.6,2004-01-01,110.2048,133.5697,0.493117497929622,0.477413718045861
GBR,United Kingdom,2004,59.99,4.7,1922725,718.7,2004-01-01,503.5167,451.3594,0.373792404009934,0.477413718045861
BEL,Belgium,2005,10.48,8.5,311481,294.7,2005-01-01,217585,229005,0.946125124806971,0.469037033963585
BGR,Bulgaria,2005,7.66,10.1,23.8527,6.39,2005-01-01,13.74716,10.22409,0.267894200656529,0.469037033963585
CZE,Czech Republic,2005,10.21,7.9,109394,31.47,2005-01-01,65.5938,68.1686,0.287675740899867,0.469037033963585
DNK,Denmark,2005,5.42,4.8,212831,79.5,2005-01-01,89.2776,100.9928,0.373535810102852,0.469037033963585
DEU,Germany,2005,82.47,11.2,2300.86,1541.4,2005-01-01,751938,868355,0.669923419938632,0.469037033963585
EST,Estonia,2005,1.35,8,11.2623,512,2005-01-01,7.99744,7.42252,0.0454614066398515,0.469037033963585
IRL,Ireland,2005,4.16,4.4,170.2158,44.4,2005-01-01,116.9105,135.4413,0.260845350431629,0.469037033963585
GRC,Greece,2005,10.99,10,199.2423,214,2005-01-01,58.95308,42.46298,1.07406911082637,0.469037033963585
ESP,Spain,2005,43.65,9.2,930566,393.5,2005-01-01,276074,229.55,0.422860925501254,0.469037033963585
FRA,France,2005,63,8.9,1771978,1189.8,2005-01-01,474592,467.25,0.671453031583914,0.469037033963585
HRV,Croatia,2005,4.31,13,36.50839,15.12,2005-01-01,16.58658,14.3462,0.414151377258762,0.469037033963585
ITA,Italy,2005,57.97,7.7,1489725,1518.6,2005-01-01,368.8881,367.2421,1.01938277198812,0.469037033963585
CYP,Cyprus,2005,0.74,5.3,15.03924,9.5,2005-01-01,8.45584,8.3757,0.631680856213479,0.469037033963585
LVA,Latvia,2005,2.24,10,13.72643,1.61,2005-01-01,7.91439,5.92644,0.117291968851333,0.469037033963585
LTU,Lithuania,2005,3.32,8.3,21.00235,3.7,2005-01-01,12.82712,11.30814,0.176170761843318,0.469037033963585
LUX,Luxembourg,2005,0.47,4.6,30.03104,2.22,2005-01-01,40.8712,48.5531,0.0739235138043837,0.469037033963585
HUN,Hungary,2005,10.09,7.2,90.5882,53.72,2005-01-01,58.9377,56887,0.593013218057098,0.469037033963585
MLT,Malta,2005,0.4,6.9,5.14214,3.61,2005-01-01,5.49264,5.36691,0.702042340348571,0.469037033963585
NLD,Netherlands,2005,16.32,5.9,545609,268.9,2005-01-01,316111,363466,0.492843776403982,0.469037033963585
AUT,Austria,2005,8.23,5.6,253.0093,173.6,2005-01-01,115.1982,123.0404,0.686140786129205,0.469037033963585
POL,Poland,2005,38.17,17.9,246.1998,119.2,2005-01-01,87.8078,85209,0.484159613452164,0.469037033963585
PRT,Portugal,2005,10.5,8.8,158.6526,106.9,2005-01-01,56.85719,42.41458,0.673799231780633,0.469037033963585
ROM,Romania,2005,21.32,7.1,80.2256,12.4,2005-01-01,34.51236,26.40108,0.154564129155781,0.469037033963585
SVN,Slovenia,2005,2,6.5,29.23537,7.69,2005-01-01,17.60482,17.41842,0.263037546642988,0.469037033963585
SVK,Slovakia,2005,5.37,16.4,39.3483,13.68,2005-01-01,30.15409,28.34873,0.347664320949063,0.469037033963585
FIN,Finland,2005,5.25,8.4,164387,65.8,2005-01-01,59791,66175,0.400274960915401,0.469037033963585
SWE,Sweden,2005,9.03,7.7,313.2182,151.4,2005-01-01,121.2177,143.6834,0.48336910179549,0.469037033963585
GBR,United Kingdom,2005,60.4,4.8,2017351,806.3,2005-01-01,552.5622,499.1808,0.399682554002749,0.469037033963585
BEL,Belgium,2006,10.55,8.3,326662,297.4,2006-01-01,235.14,247.32,0.91042116928201,0.452388553495063
BGR,Bulgaria,2006,7.6,9,27.21088,5.72,2006-01-01,17.56144,12.87661,0.210210033633605,0.452388553495063
CZE,Czech Republic,2006,10.24,7.1,123.7448,35.61,2006-01-01,77.3988,80795,0.287769667897156,0.452388553495063
DNK,Denmark,2006,5.44,3.9,225.5314,71.2,2006-01-01,105.1803,114.4121,0.315698833953942,0.452388553495063
DEU,Germany,2006,82.38,10.1,2393.25,1591.3,2006-01-01,858981,985788,0.664911730909851,0.452388553495063
EST,Estonia,2006,1.35,5.9,13.52171,596,2006-01-01,9.95642,8.58473,0.0440772653754592,0.452388553495063
IRL,Ireland,2006,4.27,4.5,185.0607,43.7,2006-01-01,131.2652,146.1492,0.236138737181908,0.452388553495063
GRC,Greece,2006,11.02,9,217.8616,225.6,2006-01-01,69.01033,46.13003,1.03551979789004,0.452388553495063
ESP,Spain,2006,44.4,8.5,1007974,392.1,2006-01-01,310328,250703,0.388998128919992,0.452388553495063
FRA,France,2006,63.44,8.8,1853267,1193.3,2006-01-01,519126,503641,0.643889952176346,0.452388553495063
HRV,Croatia,2006,4.31,11.6,40.19795,15.57,2006-01-01,18.65282,15.94381,0.38733318490122,0.452388553495063
ITA,Italy,2006,58.14,6.8,1548473,1588.1,2006-01-01,419.0836,406.1331,1.02559101773166,0.452388553495063
CYP,Cyprus,2006,0.75,4.6,16.26375,9.5,2006-01-01,9.16803,8.69071,0.584121128276074,0.452388553495063
LVA,Latvia,2006,2.22,7,17.26313,1.71,2006-01-01,10.46927,6.90064,0.0990550381072262,0.452388553495063
LTU,Lithuania,2006,3.27,5.8,24.07918,4.15,2006-01-01,15.86431,13.3929,0.172348061686486,0.452388553495063
LUX,Luxembourg,2006,0.47,4.6,33.80845,2.63,2006-01-01,48803,59.5863,0.0777912030868023,0.452388553495063
HUN,Hungary,2006,10.07,7.5,91.3976,62.01,2006-01-01,68.9079,67909,0.678464204749359,0.452388553495063
MLT,Malta,2006,0.41,6.8,5.38614,3.48,2006-01-01,6.83116,6.64937,0.646102774900021,0.452388553495063
NLD,Netherlands,2006,16.35,5,579212,259.7,2006-01-01,350695,401272,0.448367782435447,0.452388553495063
AUT,Austria,2006,8.27,5.3,266478,179.4,2006-01-01,126.3069,135.4551,0.673226307612636,0.452388553495063
POL,Poland,2006,38.14,13.9,274.6057,131.1,2006-01-01,109.6429,103.9767,0.477411794438353,0.452388553495063
PRT,Portugal,2006,10.52,8.9,166.2487,115,2006-01-01,63.43381,49.73674,0.691734732361817,0.452388553495063
ROM,Romania,2006,21.19,7.2,98.4175,12.59,2006-01-01,43.29624,31.55285,0.127924403688368,0.452388553495063
SVN,Slovenia,2006,2.01,6,31.56116,8.2,2006-01-01,20.43371,20.41862,0.259813010675146,0.452388553495063
SVK,Slovakia,2006,5.37,13.5,45.53016,15.25,2006-01-01,38.70267,36.89156,0.334942815926849,0.452388553495063
FIN,Finland,2006,5.27,7.7,172614,65.9,2006-01-01,67.34,74519,0.381776680918118,0.452388553495063
SWE,Sweden,2006,9.08,7.1,334877,149.7,2006-01-01,135.9583,161.3772,0.447029804973169,0.452388553495063
GBR,United Kingdom,2006,60.85,5.4,2135219,888.7,2006-01-01,624.7426,571.77,0.416210234172701,0.452388553495063
BEL,Belgium,2007,10.63,7.5,344713,300,2007-01-01,253959,267121,0.870289197100196,0.429697149766032
BGR,Bulgaria,2007,7.55,6.9,32.44911,5.3,2007-01-01,23.10757,16.99691,0.163332676920877,0.429697149766032
CZE,Czech Republic,2007,10.3,5.3,138.0062,40.01,2007-01-01,88.4654,91847,0.289914511087183,0.429697149766032
DNK,Denmark,2007,5.46,3.8,233.3818,63.8,2007-01-01,113.3892,120.1509,0.27337178820285,0.429697149766032
DEU,Germany,2007,82.27,8.5,2513.23,1599.9,2007-01-01,913826,1080938,0.636591159583484,0.429697149766032
EST,Estonia,2007,1.34,4.6,16.2464,595,2007-01-01,11.70878,10.26702,0.0366234981288162,0.429697149766032
IRL,Ireland,2007,4.4,4.7,197.2934,47.1,2007-01-01,142.9937,159.3046,0.238730743147008,0.429697149766032
GRC,Greece,2007,11.05,8.4,232.6946,239.9,2007-01-01,81.45266,52.40345,1.03096505032777,0.429697149766032
ESP,Spain,2007,45.23,8.2,1080807,384.7,2007-01-01,342602,277851,0.355937739115309,0.429697149766032
FRA,France,2007,63.83,8,1945.67,1252,2007-01-01,552946,527829,0.643480137947339,0.429697149766032
HRV,Croatia,2007,4.31,9.9,43926,16.59,2007-01-01,20.32366,17.13136,0.377680644720667,0.429697149766032
ITA,Italy,2007,58.44,6.1,1609551,1606.2,2007-01-01,447237,441.4547,0.997918052922834,0.429697149766032
CYP,Cyprus,2007,0.77,3.9,17.59105,9.37,2007-01-01,10.20563,9.36879,0.532657231944654,0.429697149766032
LVA,Latvia,2007,2.2,6.1,22.68054,1.92,2007-01-01,13.03497,8.72089,0.0846540690830112,0.429697149766032
LTU,Lithuania,2007,3.23,4.3,29.04066,4.61,2007-01-01,18.43592,14.62439,0.158742948679541,0.429697149766032
LUX,Luxembourg,2007,0.48,4.2,37.17887,2.87,2007-01-01,55.6259,67.9957,0.0771943848750648,0.429697149766032
HUN,Hungary,2007,10.06,7.4,101.6916,66.04,2007-01-01,78.9313,79.6341,0.649414504246172,0.429697149766032
MLT,Malta,2007,0.41,6.5,5.75748,3592,2007-01-01,7.42563,7.45809,0.623884060387531,0.429697149766032
NLD,Netherlands,2007,16.38,4.2,613.28,262.1,2007-01-01,376.85,430974,0.427374119488651,0.429697149766032
AUT,Austria,2007,8.3,4.9,282.3469,183.8,2007-01-01,136.4687,148.1902,0.650972261427343,0.429697149766032
POL,Poland,2007,38.12,9.6,313.8738,145.9,2007-01-01,132.1328,121.0442,0.464836504353023,0.429697149766032
PRT,Portugal,2007,10.54,9.1,175.4677,120.1,2007-01-01,67.8136,54.40507,0.684456455518594,0.429697149766032
ROM,Romania,2007,20.88,6.4,125.4034,14.76,2007-01-01,54.48402,36.5489,0.117700158049941,0.429697149766032
SVN,Slovenia,2007,2.01,4.9,35.15259,8.03,2007-01-01,24.21834,23.76212,0.228432670252747,0.429697149766032
SVK,Slovakia,2007,5.37,11.2,56.24163,17.03,2007-01-01,47.46518,46.83565,0.302800612286664,0.429697149766032
FIN,Finland,2007,5.29,6.9,186584,63.4,2007-01-01,73102,82091,0.339793337049265,0.429697149766032
SWE,Sweden,2007,9.15,6.1,356434,136,2007-01-01,147.1421,172.0082,0.38155731495873,0.429697149766032
GBR,United Kingdom,2007,61.32,5.3,2237042,877.4,2007-01-01,614.5877,556.2217,0.392214361643635,0.429697149766032
BEL,Belgium,2008,10.71,7,354066,327.6,2008-01-01,280463,282176,0.925251224348003,0.451517093614297
BGR,Bulgaria,2008,7.49,5.6,37.20006,4.85,2008-01-01,26.89623,19.54619,0.130376133801935,0.451517093614297
CZE,Czech Republic,2008,10.38,4.4,160.9595,42.82,2008-01-01,98.5005,101.9911,0.266029653422134,0.451517093614297
DNK,Denmark,2008,5.49,3.4,241.6137,80.5,2008-01-01,122.3831,130.8962,0.333176471367311,0.451517093614297
DEU,Germany,2008,82.11,7.4,2561.74,1668.9,2008-01-01,960269,1113329,0.651471265624146,0.451517093614297
EST,Estonia,2008,1.34,5.5,16.51727,741,2008-01-01,11.68187,11.03316,0.0448621352075737,0.451517093614297
IRL,Ireland,2008,4.49,6.4,187.6872,79.6,2008-01-01,141.7849,157.9404,0.424109902007169,0.451517093614297
GRC,Greece,2008,11.08,7.8,241.9904,264.8,2008-01-01,87.03946,56.53275,1.09425828462617,0.451517093614297
ESP,Spain,2008,45.95,11.3,1116207,440.6,2008-01-01,339795,282589,0.394729651399785,0.451517093614297
FRA,France,2008,64.18,7.4,1995.85,1357.3,2008-01-01,581543,546588,0.680061126838189,0.451517093614297
HRV,Croatia,2008,4.31,8.6,48.12989,18.7,2008-01-01,22.38877,18.51906,0.388531949688645,0.451517093614297
ITA,Italy,2008,58.83,6.7,1632151,1671.4,2008-01-01,452.9784,440102,1.02404740737836,0.451517093614297
CYP,Cyprus,2008,0.79,3.7,19.00596,8.49,2008-01-01,11.9464,9.52025,0.446701981904624,0.451517093614297
LVA,Latvia,2008,2.18,7.7,24.35574,4.51,2008-01-01,12.77679,9.63082,0.185171955358367,0.451517093614297
LTU,Lithuania,2008,3.2,5.8,32.69628,4.76,2008-01-01,22.46575,18.68233,0.14558231089286,0.451517093614297
LUX,Luxembourg,2008,0.49,4.9,38.12858,5.68,2008-01-01,59.6522,71.3431,0.148969618066028,0.451517093614297
HUN,Hungary,2008,10.04,7.8,107.6364,72.64,2008-01-01,85.3271,85.7282,0.674864636870055,0.451517093614297
MLT,Malta,2008,0.41,6,6.12868,3846,2008-01-01,9.11493,9.09971,0.62754133027014,0.451517093614297
NLD,Netherlands,2008,16.45,3.7,639163,350.5,2008-01-01,402775,457913,0.548373419612837,0.451517093614297
AUT,Austria,2008,8.32,4.1,291.9304,201,2008-01-01,142.9587,155.1754,0.688520277435992,0.451517093614297
POL,Poland,2008,38.13,7.1,366.1825,143.3,2008-01-01,157083,138.6257,0.39133492179446,0.451517093614297
PRT,Portugal,2008,10.56,8.8,178.8726,128.2,2008-01-01,73.04809,55.67458,0.716711223518862,0.451517093614297
ROM,Romania,2008,20.54,5.6,142.3946,17.16,2008-01-01,57.22177,38.35345,0.120510187886338,0.451517093614297
SVN,Slovenia,2008,2.02,4.4,37.95119,8.27,2008-01-01,25.82029,25.08909,0.21791148050957,0.451517093614297
SVK,Slovakia,2008,5.38,9.6,66.00277,19.49,2008-01-01,54.70019,52.83214,0.295290637044476,0.451517093614297
FIN,Finland,2008,5.31,6.4,193711,63.3,2008-01-01,80262,87321,0.326775454155933,0.451517093614297
SWE,Sweden,2008,9.22,6.2,352.3157,116.9,2008-01-01,153.4195,175.4994,0.331804685400055,0.451517093614297
GBR,United Kingdom,2008,61.81,5.6,1964438,824.1,2008-01-01,586.4599,528.4543,0.419509294770311,0.451517093614297
BEL,Belgium,2009,10.8,7.9,348781,347.1,2009-01-01,233847,241739,0.995180356728148,0.552391403003145
BGR,Bulgaria,2009,7.44,6.8,37.31766,5.11,2009-01-01,18.88611,15.79731,0.136932487192391,0.552391403003145
CZE,Czech Republic,2009,10.44,6.7,148.3579,50.45,2009-01-01,81.4906,87.2533,0.340056040156945,0.552391403003145
DNK,Denmark,2009,5.52,6,231.2769,93,2009-01-01,98591,108.9916,0.402115386361543,0.552391403003145
DEU,Germany,2009,81.9,7.6,2460.28,1785.6,2009-01-01,808518,930.04,0.725771050449542,0.552391403003145
EST,Estonia,2009,1.33,13.5,14.14586,996,2009-01-01,7.89975,8.60135,0.0704092928955892,0.552391403003145
IRL,Ireland,2009,4.54,12,169.7044,104.7,2009-01-01,135.6743,158.5963,0.616955129036136,0.552391403003145
GRC,Greece,2009,11.11,9.6,237.5342,301.1,2009-01-01,68.31877,45.08918,1.2676069382851,0.552391403003145
ESP,Spain,2009,46.36,17.9,1079034,569.5,2009-01-01,257071,244658,0.527786890867202,0.552391403003145
FRA,France,2009,64.5,9.1,1939017,1530.7,2009-01-01,494376,466753,0.789420618798082,0.552391403003145
HRV,Croatia,2009,4.31,9.3,45.09051,22.2,2009-01-01,17.24193,15.56674,0.492343067310616,0.552391403003145
ITA,Italy,2009,59.1,7.7,1572878,1770.2,2009-01-01,363.8464,353.5295,1.12545283232393,0.552391403003145
CYP,Cyprus,2009,0.81,5.4,18.67353,9.96,2009-01-01,10.09764,9.09911,0.533375317896509,0.552391403003145
LVA,Latvia,2009,2.14,17.5,18.74883,6.82,2009-01-01,8.2914,7.98754,0.363756031709712,0.552391403003145
LTU,Lithuania,2009,3.16,13.8,26.93482,7.53,2009-01-01,14.44228,13.98973,0.279563776553918,0.552391403003145
LUX,Luxembourg,2009,0.5,5.1,36.97652,5.82,2009-01-01,48.7733,60.6672,0.157397180697372,0.552391403003145
HUN,Hungary,2009,10.02,10,93.8098,75.7,2009-01-01,66.3342,70.1419,0.806951938923226,0.552391403003145
MLT,Malta,2009,0.41,6.9,6.13862,4162,2009-01-01,9.16119,9.06888,0.678002547803904,0.552391403003145
NLD,Netherlands,2009,16.53,4.4,617.54,351.1,2009-01-01,344748,390004,0.568546167049908,0.552391403003145
AUT,Austria,2009,8.34,5.3,286.1884,229.2,2009-01-01,119.9449,128.4867,0.800871034605176,0.552391403003145
POL,Poland,2009,38.08,8.1,317.0818,165.3,2009-01-01,120.6225,117.9051,0.5213165813995,0.552391403003145
PRT,Portugal,2009,10.57,10.7,175.4482,146.7,2009-01-01,59.65513,47.51262,0.836144229464879,0.552391403003145
ROM,Romania,2009,20.37,6.5,120.4084,27.97,2009-01-01,40.67583,32.95803,0.232292763627787,0.552391403003145
SVN,Slovenia,2009,2.04,5.9,36.1662,12.53,2009-01-01,20.02662,20.7025,0.346456083304301,0.552391403003145
SVK,Slovakia,2009,5.39,12.1,64.02306,23.24,2009-01-01,44.23499,43.28551,0.362994208649196,0.552391403003145
FIN,Finland,2009,5.34,8.2,181029,75.5,2009-01-01,62021,65661,0.417060250015191,0.552391403003145
SWE,Sweden,2009,9.3,8.3,309.68,131.7,2009-01-01,119.8183,137.6599,0.425277706019116,0.552391403003145
GBR,United Kingdom,2009,62.28,7.6,1705457,1103.3,2009-01-01,485.9308,447.3704,0.646923375963158,0.552391403003145
BEL,Belgium,2010,10.92,8.3,365101,364.1,2010-01-01,272554,279114,0.997258292910729,0.607837444910947
BGR,Bulgaria,2010,7.4,10.3,38.23052,5.86,2010-01-01,20.27305,19.18367,0.153280677322725,0.607837444910947
CZE,Czech Republic,2010,10.47,7.3,156.3696,60.19,2010-01-01,98.6346,103.4802,0.38492136578977,0.607837444910947
DNK,Denmark,2010,5.55,7.5,243.1656,103.5,2010-01-01,105.9644,122.8544,0.425635862967459,0.607837444910947
DEU,Germany,2010,81.78,7,2580.06,2088.8,2010-01-01,955982,1090085,0.809593575343209,0.607837444910947
EST,Estonia,2010,1.33,16.7,14.71653,965,2010-01-01,10.11348,11.04891,0.0655725228705408,0.607837444910947
IRL,Ireland,2010,4.56,13.9,167.1243,144.2,2010-01-01,144.9247,172.7948,0.862830839082048,0.607837444910947
GRC,Greece,2010,11.12,12.7,226.0315,330.6,2010-01-01,69.45244,49.95793,1.46262799654031,0.607837444910947
ESP,Spain,2010,46.58,19.9,1080913,650.1,2010-01-01,289953,275847,0.601436008263385,0.607837444910947
FRA,France,2010,64.82,9.3,1998481,1631.7,2010-01-01,558.08,520469,0.816470109047822,0.607837444910947
HRV,Croatia,2010,4.3,11.8,45.00453,25.91,2010-01-01,17.17381,16.98356,0.575719821982365,0.607837444910947
ITA,Italy,2010,59.28,8.4,1604515,1851.7,2010-01-01,435.7443,404.1485,1.15405589851139,0.607837444910947
CYP,Cyprus,2010,0.83,6.3,19.2995,10.77,2010-01-01,11.09298,9.69081,0.558045545221379,0.607837444910947
LVA,Latvia,2010,2.1,19.5,17.78814,8.43,2010-01-01,9.8069,9.54464,0.4739112689691,0.607837444910947
LTU,Lithuania,2010,3.1,17.8,28.02766,10.15,2010-01-01,18.84009,18.31388,0.362142255186484,0.607837444910947
LUX,Luxembourg,2010,0.51,4.6,40.17781,7.95,2010-01-01,56.9072,70.1196,0.197870416530916,0.607837444910947
HUN,Hungary,2010,10,11.2,98.3224,78.43,2010-01-01,75.6248,80.8687,0.797681911751544,0.607837444910947
MLT,Malta,2010,0.41,6.9,6.59951,4463,2010-01-01,10.17417,10.1141,0.676262328566818,0.607837444910947
NLD,Netherlands,2010,16.62,5,631512,374.7,2010-01-01,401585,454398,0.593337893816745,0.607837444910947
AUT,Austria,2010,8.36,4.8,294.6275,243.9,2010-01-01,140.4769,150.2707,0.82782496542244,0.607837444910947
POL,Poland,2010,38.04,9.7,361.8064,193.2,2010-01-01,152.1513,144.9221,0.533987237373358,0.607837444910947
PRT,Portugal,2010,10.57,12,179.9298,173.1,2010-01-01,67.3506,53.75089,0.962041862993234,0.607837444910947
ROM,Romania,2010,20.25,7,126.7476,37.47,2010-01-01,48.72528,40.94174,0.29562689944425,0.607837444910947
SVN,Slovenia,2010,2.05,7.3,36.25243,13.91,2010-01-01,22.78582,23306,0.383698416906122,0.607837444910947
SVK,Slovakia,2010,5.39,14.5,67.57729,27.84,2010-01-01,52.56689,51.5853,0.411972720421313,0.607837444910947
FIN,Finland,2010,5.36,8.4,187.1,88.2,2010-01-01,69998,72366,0.471405665419562,0.607837444910947
SWE,Sweden,2010,9.38,8.6,369.0779,150.3,2010-01-01,150.2799,170.4593,0.407231102160276,0.607837444910947
GBR,United Kingdom,2010,62.77,7.8,1833013,1387.6,2010-01-01,567.5974,517.9462,0.75700499669124,0.607837444910947
BEL,Belgium,2011,11.05,7.2,379106,388.9,2011-01-01,307524,309486,1.02583446318444,0.646783956314225
BGR,Bulgaria,2011,7.35,11.3,41.29204,6.28,2011-01-01,24.23549,24.39082,0.152087424113703,0.646783956314225
CZE,Czech Republic,2011,10.5,6.7,164042,62.3,2011-01-01,110692,116.9737,0.379780787847015,0.646783956314225
DNK,Denmark,2011,5.57,7.6,247.8783,114.5,2011-01-01,117.5578,133.4084,0.461920224561811,0.646783956314225
DEU,Germany,2011,81.04,5.8,2703.12,2128.3,2011-01-01,1079344,1211489,0.787349433247507,0.646783956314225
EST,Estonia,2011,1.33,12.3,16.66763,1011,2011-01-01,13.46915,14.42412,0.0606564940546436,0.646783956314225
IRL,Ireland,2011,4.58,14.7,173.0702,189.7,2011-01-01,145.1427,177.3031,1.09608702133585,0.646783956314225
GRC,Greece,2011,11.1,17.9,207.0289,356.3,2011-01-01,66.88938,52.86568,1.72101576156759,0.646783956314225
ESP,Spain,2011,46.74,21.4,1070413,744.3,2011-01-01,312207,309575,0.695339088744251,0.646783956314225
FRA,France,2011,65.13,9.2,2059284,1753.7,2011-01-01,625312,572553,0.851606674941387,0.646783956314225
HRV,Croatia,2011,4.28,13.7,44.7083,28.75,2011-01-01,18.27125,18.06462,0.643057329399686,0.646783956314225
ITA,Italy,2011,59.38,8.4,1637463,1907.9,2011-01-01,467.9319,442.2189,1.16515609818359,0.646783956314225
CYP,Cyprus,2011,0.85,7.9,19.73106,12.87,2011-01-01,11.02202,10.44318,0.652271089338333,0.646783956314225
LVA,Latvia,2011,2.06,16.2,20.20281,8.71,2011-01-01,12.68627,11.6806,0.431128145045169,0.646783956314225
LTU,Lithuania,2011,3.03,15.4,31.27532,11.63,2011-01-01,24.25271,23.45505,0.371858705202697,0.646783956314225
LUX,Luxembourg,2011,0.52,4.8,43.16465,8.07,2011-01-01,62.7873,76.8286,0.18695854130637,0.646783956314225
HUN,Hungary,2011,9.96,11,100.8192,72.23,2011-01-01,81.7043,87.8867,0.716430997270361,0.646783956314225
MLT,Malta,2011,0.42,6.4,6.8343,4809,2011-01-01,10.81507,10.98887,0.703656555901848,0.646783956314225
NLD,Netherlands,2011,16.69,5,642929,396.3,2011-01-01,442443,497347,0.616397767094034,0.646783956314225
AUT,Austria,2011,8.39,4.6,308.6303,254.9,2011-01-01,157.8707,165.6476,0.825907242419166,0.646783956314225
POL,Poland,2011,38.06,9.7,380238,190.2,2011-01-01,169.2814,161.8425,0.500213024474145,0.646783956314225
PRT,Portugal,2011,10.56,12.9,176.1666,196.2,2011-01-01,67.95194,60.40987,1.11371849147341,0.646783956314225
ROM,Romania,2011,20.15,7.2,133.3064,44.69,2011-01-01,56.5381,49.11761,0.335242719029244,0.646783956314225
SVN,Slovenia,2011,2.05,8.2,36.8963,17.2,2011-01-01,25.28811,25.96539,0.466171404720799,0.646783956314225
SVK,Slovakia,2011,5.4,13.7,70.62721,30.85,2011-01-01,60.71174,60.06634,0.436800490915612,0.646783956314225
FIN,Finland,2011,5.39,7.8,196869,95.5,2011-01-01,78768,77093,0.485094148901046,0.646783956314225
SWE,Sweden,2011,9.45,7.8,404.9435,154,2011-01-01,169.9897,189.0394,0.380299967773282,0.646783956314225
GBR,United Kingdom,2011,63.26,8.1,1876141,1590.8,2011-01-01,603.8212,572.6419,0.847910684751306,0.646783956314225
BEL,Belgium,2012,11.13,7.6,387.5,404.3,2012-01-01,316546,318935,1.04335483870968,0.687626321883474
BGR,Bulgaria,2012,7.31,12.3,41.94724,7,2012-01-01,26.83554,25.50468,0.166876295079247,0.687626321883474
CZE,Czech Republic,2012,10.51,7,161.4339,71.78,2012-01-01,115.2112,122.9643,0.444640190195492,0.687626321883474
DNK,Denmark,2012,5.59,7.5,254.5785,114,2012-01-01,123.7519,139.0775,0.447799008950088,0.687626321883474
DEU,Germany,2012,80.43,5.4,2758.26,2204.9,2012-01-01,1100331,1268318,0.799380769035551,0.687626321883474
EST,Estonia,2012,1.32,10,17.93489,1746,2012-01-01,15.14403,15.42211,0.0973521443398872,0.687626321883474
IRL,Ireland,2012,4.59,14.7,175.7525,210,2012-01-01,157516,187662,1.1948620930001,0.687626321883474
GRC,Greece,2012,11.05,24.5,191.2039,305.1,2012-01-01,63.35307,54.84492,1.59567874923053,0.687626321883474
ESP,Spain,2012,46.77,24.8,1039758,891.5,2012-01-01,303.95,319223,0.857411051417734,0.687626321883474
FRA,France,2012,65.44,9.8,2086929,1868.4,2012-01-01,640.24,595.23,0.895286806594762,0.687626321883474
HRV,Croatia,2012,4.27,15.8,43.93385,30.9,2012-01-01,18.05734,18.26522,0.7033301201693,0.687626321883474
ITA,Italy,2012,59.54,10.7,1613265,1990,2012-01-01,445.2372,461.1739,1.23352332071916,0.687626321883474
CYP,Cyprus,2012,0.86,11.9,19.46697,15.43,2012-01-01,10.70482,10.41615,0.79262463547229,0.687626321883474
LVA,Latvia,2012,2.03,15,22.05932,9.09,2012-01-01,14.5054,13.52446,0.412070725661534,0.687626321883474
LTU,Lithuania,2012,2.99,13.4,33.34825,13.26,2012-01-01,26.93321,27.22007,0.397622064126303,0.687626321883474
LUX,Luxembourg,2012,0.53,5.1,44.1121,9.58,2012-01-01,68558,82.2445,0.217173972674164,0.687626321883474
HUN,Hungary,2012,9.92,11,99.0858,76.68,2012-01-01,79.3239,85.9756,0.773874763084115,0.687626321883474
MLT,Malta,2012,0.42,6.3,7.15957,4873,2012-01-01,11.53499,11.88075,0.680627467850723,0.687626321883474
NLD,Netherlands,2012,16.75,5.8,645164,428.3,2012-01-01,466677,528623,0.663862211778711,0.687626321883474
AUT,Austria,2012,8.43,4.9,317117,260.1,2012-01-01,162374,170.5988,0.820202007460969,0.687626321883474
POL,Poland,2012,38.06,10.1,389.3654,214.8,2012-01-01,174.7658,173.0515,0.551666891819355,0.687626321883474
PRT,Portugal,2012,10.51,15.8,168398,212.6,2012-01-01,64.35899,63.50384,1.2624853026758,0.687626321883474
ROM,Romania,2012,20.06,6.8,133.5111,49.92,2012-01-01,56.6589,50.01872,0.373901495830684,0.687626321883474
SVN,Slovenia,2012,2.06,8.9,36.0025,19.4,2012-01-01,24.85881,26.38051,0.538851468648011,0.687626321883474
SVK,Slovakia,2012,5.41,14,72.70351,37.93,2012-01-01,63.80733,66.47291,0.521707961555089,0.687626321883474
FIN,Finland,2012,5.41,7.7,199793,107.7,2012-01-01,81764,78881,0.539057924952326,0.687626321883474
SWE,Sweden,2012,9.52,8,423.3424,162.2,2012-01-01,175.2294,196.1055,0.383141400436148,0.687626321883474
GBR,United Kingdom,2012,63.7,7.9,2065735,1745.9,2012-01-01,661.6037,615.5619,0.8451713312695,0.687626321883474
BEL,Belgium,2013,11.18,8.4,391712,413.7,2013-01-01,315988,320461,1.05613307736296,0.722131052349383
BGR,Bulgaria,2013,7.27,13,42.0115,7.15,2013-01-01,27.33365,27.16149,0.170191495185842,0.722131052349383
CZE,Czech Republic,2013,10.51,7,157.7434,67.1,2013-01-01,112.1669,121.2588,0.425374373824832,0.722131052349383
DNK,Denmark,2013,5.61,7,258.7418,113.9,2013-01-01,124.7688,141.8651,0.440207187242262,0.722131052349383
DEU,Germany,2013,80.65,5.2,2826.24,2189.8,2013-01-01,1116353,1284744,0.774810348731884,0.722131052349383
EST,Estonia,2013,1.32,8.6,18.89013,1924,2013-01-01,15.59129,15.95556,0.101852131245259,0.722131052349383
IRL,Ireland,2013,4.6,13.1,180.2093,215.3,2013-01-01,157314,191183,1.1947219150177,0.722131052349383
GRC,Greece,2013,10.97,27.5,180.6543,320.5,2013-01-01,59.91528,54.83477,1.77410667778182,0.722131052349383
ESP,Spain,2013,46.62,26.1,1025634,979,2013-01-01,297062,330453,0.954531538541039,0.722131052349383
FRA,France,2013,65.77,10.3,2115256,1952.9,2013-01-01,644957,605134,0.923245224218723,0.722131052349383
HRV,Croatia,2013,4.25,17.4,43487,35.51,2013-01-01,18.51094,18.71233,0.816565870260078,0.722131052349383
ITA,Italy,2013,60.23,12.1,1604599,2070.2,2013-01-01,426.8876,463.1289,1.29016657744396,0.722131052349383
CYP,Cyprus,2013,0.86,15.9,18.11822,18.52,2013-01-01,10.30826,10.63911,1.02217546756801,0.722131052349383
LVA,Latvia,2013,2.01,11.9,22.83017,8.89,2013-01-01,14.49858,13.76759,0.389397012812432,0.722131052349383
LTU,Lithuania,2013,2.96,11.8,35.00205,13.55,2013-01-01,28.95062,29.38787,0.387120182960712,0.722131052349383
LUX,Luxembourg,2013,0.54,5.9,46.5514,10.89,2013-01-01,74.2861,89.4408,0.233934962213811,0.722131052349383
HUN,Hungary,2013,9.89,10.2,101.4823,77.69,2013-01-01,80.1679,87.2745,0.765552219451077,0.722131052349383
MLT,Malta,2013,0.42,6.4,7.63099,5246,2013-01-01,11.55479,12.07004,0.687459949495413,0.722131052349383
NLD,Netherlands,2013,16.8,7.3,652748,442.2,2013-01-01,465502,535.32,0.677443668919706,0.722131052349383
AUT,Austria,2013,8.48,5.4,322.5392,262.3,2013-01-01,163.2391,171.5662,0.813234484366551,0.722131052349383
POL,Poland,2013,38.04,10.3,394.7222,222.1,2013-01-01,175.1519,182.8405,0.56267420479517,0.722131052349383
PRT,Portugal,2013,10.46,16.4,170.2693,219.7,2013-01-01,65.57271,67.28393,1.29030894001444,0.722131052349383
ROM,Romania,2013,19.98,7.1,144.2538,53.85,2013-01-01,58.45733,57.3383,0.373300391393502,0.722131052349383
SVN,Slovenia,2013,2.06,10.1,35.91708,25.5,2013-01-01,24.98786,27.00485,0.709968627739226,0.722131052349383
SVK,Slovakia,2013,5.41,14.2,74.16987,40.6,2013-01-01,66.4458,69.58581,0.547392087919259,0.722131052349383
FIN,Finland,2013,5.44,8.2,203338,114.8,2013-01-01,80724,78924,0.564577206424771,0.722131052349383
SWE,Sweden,2013,9.6,8,435.7502,172.1,2013-01-01,171.2193,190.8616,0.394951052231301,0.722131052349383
GBR,United Kingdom,2013,64.13,7.6,2048339,1799,2013-01-01,655.7275,609.5246,0.878272590620986,0.722131052349383
BEL,Belgium,2014,11.23,8.5,400805,427.5,2014-01-01,329805,333478,1.06660346053567,0.733557186715324
BGR,Bulgaria,2014,7.22,11.4,42.7622,11.53,2014-01-01,28.20403,27.80074,0.26963065511129,0.733557186715324
CZE,Czech Republic,2014,10.53,6.1,156.6608,65.59,2014-01-01,119.3461,129.3167,0.418675252520094,0.733557186715324
DNK,Denmark,2014,5.64,6.6,265.2316,116.8,2014-01-01,126.1418,144.5986,0.440369850349657,0.733557186715324
DEU,Germany,2014,80.98,5,2923.93,2189.6,2014-01-01,1144106,1334833,0.74885513675088,0.733557186715324
EST,Estonia,2014,1.32,7.4,19.75825,2108,2014-01-01,15.71517,16.4106,0.106689610668961,0.733557186715324
IRL,Ireland,2014,4.62,11.3,193.1596,203.3,2014-01-01,185182,219.79,1.05249752018538,0.733557186715324
GRC,Greece,2014,10.89,26.5,177.9406,319.7,2014-01-01,62.17087,57.83746,1.79666697763186,0.733557186715324
ESP,Spain,2014,46.48,24.5,1037025,1041.6,2014-01-01,313698,338769,1.00441165834961,0.733557186715324
FRA,France,2014,66.22,10.3,2139964,2038,2014-01-01,661983,619459,0.952352469480795,0.733557186715324
HRV,Croatia,2014,4.24,17.2,42.97767,37.11,2014-01-01,19.09172,19.95309,0.863471658654366,0.733557186715324
ITA,Italy,2014,60.79,12.7,1621827,2137.2,2014-01-01,429.0261,475301,1.31777310403637,0.733557186715324
CYP,Cyprus,2014,0.85,16.1,17.56735,18.82,2014-01-01,10.56494,10.9256,1.07130557539982,0.733557186715324
LVA,Latvia,2014,1.99,10.8,23.63115,9.66,2014-01-01,14.51541,14.0678,0.408782475672999,0.733557186715324
LTU,Lithuania,2014,2.93,10.7,36.59005,14.83,2014-01-01,28.8985,29.59943,0.405301441238807,0.733557186715324
LUX,Luxembourg,2014,0.56,6,49.97089,11.21,2014-01-01,86.1098,103.0908,0.224330605278393,0.733557186715324
HUN,Hungary,2014,9.87,7.7,104.9547,77.69,2014-01-01,85.7621,93.0478,0.740224115737552,0.733557186715324
MLT,Malta,2014,0.43,5.8,8.43299,5421,2014-01-01,11.58145,12.64389,0.642832494761645,0.733557186715324
NLD,Netherlands,2014,16.87,7.4,663008,450.5,2014-01-01,475.53,547415,0.679478980645784,0.733557186715324
AUT,Austria,2014,8.54,5.6,330.4176,279,2014-01-01,164271,175.1747,0.844386013335851,0.733557186715324
POL,Poland,2014,38.01,9,410.9937,202.2,2014-01-01,189.6632,195.5878,0.491978344193597,0.733557186715324
PRT,Portugal,2014,10.4,14.1,173.0791,226,2014-01-01,69.03324,69.36035,1.30576135420163,0.733557186715324
ROM,Romania,2014,19.91,6.8,150.3567,58.7,2014-01-01,62.59616,61.93445,0.390404950361374,0.733557186715324
SVN,Slovenia,2014,2.06,9.7,37.33239,30.2,2014-01-01,25.73629,28.51809,0.808949011836638,0.733557186715324
SVK,Slovakia,2014,5.42,13.2,75.94636,40.73,2014-01-01,67.01223,69.72111,0.536299567220865,0.733557186715324
FIN,Finland,2014,5.46,8.7,205474,123.7,2014-01-01,78393,76482,0.602022640334057,0.733557186715324
SWE,Sweden,2014,9.7,7.9,432.6899,189.6,2014-01-01,176.1805,194.8539,0.438189104945597,0.733557186715324
GBR,United Kingdom,2014,64.61,6.1,2260804,2060.4,2014-01-01,679.6467,634.7117,0.911357198589528,0.733557186715324
BEL,Belgium,2015,11.27,8.5,410351,434.8,2015-01-01,333443,340295,1.05958070042476,0.716225796193233
BGR,Bulgaria,2015,7.18,9.2,45.2865,11.77,2015-01-01,28965,29.0319,0.259900853455224,0.716225796193233
CZE,Czech Republic,2015,10.55,5.1,166963,67.95,2015-01-01,128.2695,138.5046,0.406976395967969,0.716225796193233
DNK,Denmark,2015,5.68,6.2,271.7863,107.4,2015-01-01,129.9835,150.0994,0.395163405955341,0.716225796193233
DEU,Germany,2015,81.69,4.6,3032.82,2158.8,2015-01-01,1189.25,1418789,0.711812768314638,0.716225796193233
EST,Estonia,2015,1.32,6.2,20.25168,2036,2015-01-01,15.21656,16.05669,0.100534869205913,0.716225796193233
IRL,Ireland,2015,4.68,9.4,255.8151,201.4,2015-01-01,235985,317197,0.787287380612012,0.716225796193233
GRC,Greece,2015,10.82,24.9,175.6974,311.7,2015-01-01,55.82129,56.07384,1.77407292310529,0.716225796193233
ESP,Spain,2015,46.45,22.1,1075639,1073.9,2015-01-01,330527,356873,0.998383286585927,0.716225796193233
FRA,France,2015,66.62,10.4,2181064,2098.2,2015-01-01,684.96,654922,0.962007533937564,0.716225796193233
HRV,Croatia,2015,4.21,16.1,43.84686,37.91,2015-01-01,20.70625,21.91242,0.864600110475414,0.716225796193233
ITA,Italy,2015,60.73,11.9,1645439,2172.9,2015-01-01,446.0418,493.9343,1.32055943732949,0.716225796193233
CYP,Cyprus,2015,0.85,15,17.63718,18.96,2015-01-01,10.7381,10.7971,1.0750017859998,0.716225796193233
LVA,Latvia,2015,1.98,9.9,24.36827,8.9,2015-01-01,14.63625,14.36066,0.365229045804236,0.716225796193233
LTU,Lithuania,2015,2.9,9.1,37.3305,15.94,2015-01-01,28.56265,28.31996,0.42699669171321,0.716225796193233
LUX,Luxembourg,2015,0.57,6.5,52.33972,11.31,2015-01-01,100.71,118.8706,0.216088278653382,0.716225796193233
HUN,Hungary,2015,9.84,6.8,109.6758,80.4,2015-01-01,89.7326,99.5052,0.733069647087142,0.716225796193233
MLT,Malta,2015,0.43,5.4,9.27579,5622,2015-01-01,12.62975,13.35607,0.606093928387771,0.716225796193233
NLD,Netherlands,2015,16.94,6.9,676531,441,2015-01-01,484963,557.89,0.65185483000779,0.716225796193233
AUT,Austria,2015,8.63,5.7,339896,290.5,2015-01-01,166.7257,180.3495,0.854673194153506,0.716225796193233
POL,Poland,2015,37.99,7.5,430.0359,215.7,2015-01-01,199.6583,212966,0.501586030375603,0.716225796193233
PRT,Portugal,2015,10.36,12.6,179.5043,231.5,2015-01-01,71.50273,72.80835,1.28966269888799,0.716225796193233
ROM,Romania,2015,19.82,6.8,159.9632,59.71,2015-01-01,66.74282,65.75922,0.37327335287116,0.716225796193233
SVN,Slovenia,2015,2.06,9,38.57001,32.07,2015-01-01,26.54331,30.05986,0.831475024248114,0.716225796193233
SVK,Slovakia,2015,5.42,11.5,78.68561,41.29,2015-01-01,71.65363,73.56175,0.52474651972578,0.716225796193233
FIN,Finland,2015,5.48,9.4,209511,133.4,2015-01-01,77.81,77186,0.636720744972818,0.716225796193233
SWE,Sweden,2015,9.8,7.4,447.0113,199.9,2015-01-01,182575,203793,0.447192274557713,0.716225796193233
GBR,United Kingdom,2015,65.13,5.3,2580081,2269.9,2015-01-01,753.9368,712.8972,0.87977858059495,0.716225796193233
BEL,Belgium,2016,11.33,7.8,421974,446.8,2016-01-01,343.15,356035,1.05883300866878,0.709314132389454
BGR,Bulgaria,2016,7.16,7.6,47.36407,13.97,2016-01-01,28.65887,30.10713,0.294949314955408,0.709314132389454
CZE,Czech Republic,2016,10.57,4,174.4104,64.95,2016-01-01,127.2724,140.1246,0.372397517579227,0.709314132389454
DNK,Denmark,2016,5.73,6.2,276.8053,104.7,2016-01-01,127948,146981,0.378244202694096,0.709314132389454
DEU,Germany,2016,82.49,4.1,3132.67,2140.4,2016-01-01,1202635,1441387,0.68325102867522,0.709314132389454
EST,Estonia,2016,1.32,6.8,20.91643,1984,2016-01-01,15.81919,16.64815,0.0948536628860661,0.709314132389454
IRL,Ireland,2016,4.75,7.9,265.8348,200.6,2016-01-01,257159,318817,0.754603987137877,0.709314132389454
GRC,Greece,2016,10.78,23.6,175.8879,314.9,2016-01-01,54.21604,53.03653,1.79034487306972,0.709314132389454
ESP,Spain,2016,46.44,19.6,1113851,1107,2016-01-01,335908,368322,0.993849267092277,0.709314132389454
FRA,France,2016,66.79,10.1,2225.26,2147.4,2016-01-01,694308,655967,0.965010830195123,0.709314132389454
HRV,Croatia,2016,4.18,13.3,45.55709,38.24,2016-01-01,21.96605,23.41745,0.839386361156957,0.709314132389454
ITA,Italy,2016,60.62,11.7,1672438,2217.9,2016-01-01,443.5903,501.4727,1.32614781534502,0.709314132389454
CYP,Cyprus,2016,0.85,13.1,17.9014,19.3,2016-01-01,11.1767,11.1023,1.07812796764499,0.709314132389454
LVA,Latvia,2016,1.96,9.6,25.02133,10.04,2016-01-01,14.37307,14.5099,0.4012576469756,0.709314132389454
LTU,Lithuania,2016,2.87,7.9,38.63103,15.54,2016-01-01,28.04627,28.57959,0.402267296523028,0.709314132389454
LUX,Luxembourg,2016,0.58,6.3,54.1949,10.85,2016-01-01,103.8033,123.5305,0.200203340166695,0.709314132389454
HUN,Hungary,2016,9.82,5.1,112.3994,83.66,2016-01-01,92.3866,103978,0.74431002300724,0.709314132389454
MLT,Malta,2016,0.44,4.7,9.89798,5766,2016-01-01,12.81812,13.99848,0.582543104754707,0.709314132389454
NLD,Netherlands,2016,17.03,6,697219,434.1,2016-01-01,486274,561977,0.622616423247215,0.709314132389454
AUT,Austria,2016,8.74,6,349493,295.7,2016-01-01,169.1863,182.4921,0.846082754161028,0.709314132389454
POL,Poland,2016,37.96,6.2,424.2684,228.2,2016-01-01,205.3267,221816,0.537867067167859,0.709314132389454
PRT,Portugal,2016,10.33,11.2,184.9312,241.1,2016-01-01,72.26171,74.47293,1.30372808914883,0.709314132389454
ROM,Romania,2016,19.76,5.9,169.5771,63.01,2016-01-01,71.77265,70.18147,0.371571397317209,0.709314132389454
SVN,Slovenia,2016,2.06,8,39.76908,31.68,2016-01-01,27.60751,31.44003,0.796598764668431,0.709314132389454
SVK,Slovakia,2016,5.43,9.7,80958,42.05,2016-01-01,72.92882,75.95045,0.519405123644359,0.709314132389454
FIN,Finland,2016,5.5,8.8,214062,136.1,2016-01-01,78262,75677,0.635797105511487,0.709314132389454
SWE,Sweden,2016,9.92,6.9,462.4167,190.6,2016-01-01,183.7653,205.1389,0.41218234549055,0.709314132389454
GBR,United Kingdom,2016,65.59,4.8,2366903,2022.2,2016-01-01,713.3961,668.2139,0.854365388019704,0.709314132389454
BEL,Belgium,2017,11.43,7.6,436.2802,460.9,2017-01-01,365.9176,380.3864,1.05643116510903,0.702208910261204
BGR,Bulgaria,2017,7.1,7,49.21357,13.2,2017-01-01,30.78053,32.01018,0.268218704719044,0.702208910261204
CZE,Czech Republic,2017,10.59,3.5,183.5915,66.5,2017-01-01,138.0585,151.0521,0.362217205044896,0.702208910261204
DNK,Denmark,2017,5.77,5.8,286.3466,105.2,2017-01-01,137.5157,157.1524,0.367386935972,0.702208910261204
DEU,Germany,2017,83.15,4,3228.44,2125.5,2017-01-01,1299492,1527946,0.65836832447662,0.702208910261204
EST,Estonia,2017,1.32,7.7,22.15976,2102,2017-01-01,17.33503,17.98378,0.0948566229959169,0.702208910261204
IRL,Ireland,2017,4.8,6.4,279.7174,205.7,2017-01-01,271.8579,336.1178,0.735385070789304,0.702208910261204
GRC,Greece,2017,10.78,22.8,181.6492,324.7,2017-01-01,59.25502,58.04085,1.78751131301432,0.702208910261204
ESP,Spain,2017,46.45,17.6,1156949,1147.2,2017-01-01,365.2444,396.8763,0.99157352657723,0.702208910261204
FRA,France,2017,67.1,9.9,2275277,2204.6,2017-01-01,736.6797,692.5744,0.968936968993226,0.702208910261204
HRV,Croatia,2017,4.15,11.6,48.06756,39.35,2017-01-01,24.31968,25.50209,0.818639431666596,0.702208910261204
ITA,Italy,2017,60.58,11.5,1701376,2265,2017-01-01,487.4838,533.7778,1.33127539121276,0.702208910261204
CYP,Cyprus,2017,0.85,11.7,18.48828,19.12,2017-01-01,11.75693,11.64656,1.03416867334333,0.702208910261204
LVA,Latvia,2017,1.95,9.2,26.61673,10.24,2017-01-01,16.13214,15.7119,0.38472043710854,0.702208910261204
LTU,Lithuania,2017,2.83,7.6,40.90972,17.36,2017-01-01,30.99193,31.10992,0.424349030010472,0.702208910261204
LUX,Luxembourg,2017,0.6,6.1,57.90043,12.73,2017-01-01,112.8598,134.0056,0.219860197929445,0.702208910261204
HUN,Hungary,2017,9.8,4.1,119.8168,86.93,2017-01-01,101.6889,111.3314,0.725524300431993,0.702208910261204
MLT,Malta,2017,0.44,4.9,10.51741,5866,2017-01-01,13.66252,14.88863,0.557741877515472,0.702208910261204
NLD,Netherlands,2017,17.14,4.9,718.4101,429.4,2017-01-01,526.9583,601.2717,0.597708746021249,0.702208910261204
AUT,Austria,2017,8.81,5.9,360335,298.3,2017-01-01,177.5949,191.0091,0.827840759293435,0.702208910261204
POL,Poland,2017,37.96,5.2,456.0235,249.2,2017-01-01,233.5727,248.5136,0.546463066048131,0.702208910261204
PRT,Portugal,2017,10.31,9.9,190.8794,245.2,2017-01-01,78.17003,79.63312,1.28458073527054,0.702208910261204
ROM,Romania,2017,19.58,5.4,178.3123,70.03,2017-01-01,80.99191,77.56367,0.392737909835721,0.702208910261204
SVN,Slovenia,2017,2.07,7.2,41.70708,32.43,2017-01-01,30.32594,34.19949,0.77756582335661,0.702208910261204
SVK,Slovakia,2017,5.43,8.6,84.03853,43.32,2017-01-01,79.1965,81.8675,0.51547784093796,0.702208910261204
FIN,Finland,2017,5.52,8.6,217.9116,142.7,2017-01-01,84.3476,80.80318,0.654852701737769,0.702208910261204
SWE,Sweden,2017,10.06,6.6,480.0698,187.8,2017-01-01,196.3698,221.1545,0.391193114001339,0.702208910261204
GBR,United Kingdom,2017,66.05,5,2357425,2089.3,2017-01-01,743.1786,692.2036,0.88626361390076,0.702208910261204
