"";"country";"year";"imports";"exports"
"1";"Czech Republic";2018;149,7995;162,3282
"2";"Czech Republic";2019;153,1691;166,6798
"3";"Czech Republic";2020;136,3876;150,9527
"4";"Czech Republic";2021;166,2285;173,2846
"5";"Czech Republic";2022;208,5116;211,2236
"6";"Czech Republic";2023;204,73;220,3261
"7";"Czech Republic";1990;8,2931;8,9268
"8";"Czech Republic";1991;8,3461;9,7615
"9";"Czech Republic";1992;10,3155;10,6333
"10";"Czech Republic";1993;13,5175;13,9044
"11";"Czech Republic";1994;15,4029;14,9396
"12";"Czech Republic";1995;19,8879;18,4724
"13";"Czech Republic";1996;22,7846;20,2202
"14";"Czech Republic";1997;24,3204;22,0573
"15";"Czech Republic";1998;25,2932;25,1315
"16";"Czech Republic";1999;26,3495;26,0938
"17";"Czech Republic";2000;33,4462;32,2107
"18";"Czech Republic";2001;37,9059;36,9605
"19";"Czech Republic";2002;40,3957;39,2834
"20";"Czech Republic";2003;42,455;41,3955
"21";"Czech Republic";2004;54,2827;55,063
"22";"Czech Republic";2005;65,5938;68,1686
"23";"Czech Republic";2006;77,3988;80,795
"24";"Czech Republic";2007;88,4654;91,847
"25";"Czech Republic";2008;98,5005;101,9911
"26";"Czech Republic";2009;81,4906;87,2533
"27";"Czech Republic";2010;98,6346;103,4802
"28";"Czech Republic";2011;110,692;116,9737
"29";"Czech Republic";2012;115,2112;122,9643
"30";"Czech Republic";2013;112,1669;121,2588
"31";"Czech Republic";2014;119,3461;129,3167
"32";"Czech Republic";2015;128,2695;138,5046
"33";"Czech Republic";2016;127,2724;140,1246
"34";"Czech Republic";2017;138,0585;151,0521
"35";"Belgium";2018;383,7521;382,2085
"36";"Belgium";2019;391,4089;394,4157
"37";"Belgium";2020;353,0793;362,2934
"38";"Belgium";2021;437,6317;446,5929
"39";"Belgium";2022;539,4212;530,3949
"40";"Belgium";2023;512,2769;506,8242
"41";"Bulgaria";2018;35,51383;36,92862
"42";"Bulgaria";2019;37,37582;39,34619
"43";"Bulgaria";2020;33,39004;34,58092
"44";"Bulgaria";2021;42,33306;43,6317
"45";"Bulgaria";2022;59,19288;59,36893
"46";"Bulgaria";2023;54,22342;57,19725
"47";"Denmark";2018;152,4203;170,9973
"48";"Denmark";2019;159,6472;181,5294
"49";"Denmark";2020;151,4312;171,6186
"50";"Denmark";2021;178,3712;201,3279
"51";"Denmark";2022;224,2507;266,4809
"52";"Denmark";2023;222,168;257,9232
"53";"Germany";2018;1386,936;1592,156
"54";"Germany";2019;1431,014;1637,264
"55";"Germany";2020;1282,198;1479,839
"56";"Germany";2021;1515,045;1710,313
"57";"Germany";2022;1897,947;1974,224
"58";"Germany";2023;1770,998;1942,519
"59";"Estonia";2018;18,5665;19,2738
"60";"Estonia";2019;19,36897;20,50474
"61";"Estonia";2020;19,13639;18,98457
"62";"Estonia";2021;25,3317;25,01905
"63";"Estonia";2022;31,08172;30,89098
"64";"Estonia";2023;29,30838;29,53525
"65";"Ireland";2018;307,9853;401,0533
"66";"Ireland";2019;443,633;456,1526
"67";"Ireland";2020;428,237;498,8537
"68";"Ireland";2021;406,5733;580,5221
"69";"Ireland";2022;492,0031;694,0513
"70";"Ireland";2023;507,7095;676,8772
"71";"Greece";2018;73,9008;70,0148
"72";"Greece";2019;76,5937;73,5421
"73";"Greece";2020;65,637;52,9108
"74";"Greece";2021;88,4163;74,3095
"75";"Greece";2022;121,6167;101,5267
"76";"Greece";2023;109,7017;98,8465
"77";"Spain";2018;390,41;423,097
"78";"Spain";2019;398,153;434,77
"79";"Spain";2020;328,32;344,423
"80";"Spain";2021;405,982;417,735
"81";"Spain";2022;534,006;550,319
"82";"Spain";2023;509,212;569,493
"83";"France";2018;773,375;749,491
"84";"France";2019;793,436;770,099
"85";"France";2020;682,704;633,411
"86";"France";2021;798,609;751,511
"87";"France";2022;1017,725;915,406
"88";"France";2023;978,217;916,037
"89";"Croatia";2018;26,49596;26,04547
"90";"Croatia";2019;28,38232;28,15727
"91";"Croatia";2020;24,47613;20,93611
"92";"Croatia";2021;30,67392;29,06864
"93";"Croatia";2022;44,43244;40,22704
"94";"Croatia";2023;42,74262;41,31237
"95";"Italy";2018;512,8177;555,3941
"96";"Italy";2019;508,0304;567,7844
"97";"Italy";2020;429,1552;488,9407
"98";"Italy";2021;545,7611;585,0763
"99";"Italy";2022;748,5742;716,584
"100";"Italy";2023;702,2127;731,0189
"101";"Cyprus";2018;15,9443;16,2492
"102";"Cyprus";2019;17,4893;17,7282
"103";"Cyprus";2020;18,1217;17,82
"104";"Cyprus";2021;21,3008;22,2876
"105";"Cyprus";2022;26,3103;26,3986
"106";"Cyprus";2023;26,9073;26,6337
"107";"Latvia";2018;18,123;17,91747
"108";"Latvia";2019;18,56449;18,35015
"109";"Latvia";2020;17,89887;18,29189
"110";"Latvia";2021;22,5915;21,54049
"111";"Latvia";2022;29,74175;27,98105
"112";"Latvia";2023;27,40056;25,8468
"113";"Lithuania";2018;33,40334;34,22991
"114";"Lithuania";2019;35,21735;37,81807
"115";"Lithuania";2020;31,82633;36,45633
"116";"Lithuania";2021;42,68085;45,21977
"117";"Lithuania";2022;59,88804;58,53425
"118";"Lithuania";2023;53,73989;56,50515
"119";"Luxembourg";2018;99,1534;118,7401
"120";"Luxembourg";2019;109,84;128,866
"121";"Luxembourg";2020;109,1435;131,0619
"122";"Luxembourg";2021;130,1906;154,2898
"123";"Luxembourg";2022;137,4089;163,8019
"124";"Luxembourg";2023;144,0977;168,5572
"125";"Hungary";2018;108,1712;113,9538
"126";"Hungary";2019;116,104;119,4867
"127";"Hungary";2020;105,8506;108,509
"128";"Hungary";2021;122,8148;123,1136
"129";"Hungary";2022;160,0888;152,5948
"130";"Hungary";2023;149,4372;159,4769
"131";"Malta";2018;18,52162;20,96213
"132";"Malta";2019;20,78022;23,42024
"133";"Malta";2020;21,25545;23,20518
"134";"Malta";2021;22,75621;25,46417
"135";"Malta";2022;26,61616;28,93539
"136";"Malta";2023;28,54754;32,31203
"137";"Netherlands";2018;573,832;655,439
"138";"Netherlands";2019;591,359;671,077
"139";"Netherlands";2020;543,204;623,408
"140";"Netherlands";2021;634,231;732,209
"141";"Netherlands";2022;795,208;898,661
"142";"Netherlands";2023;763,719;878,6
"143";"Austria";2018;202,1203;213,6816
"144";"Austria";2019;207,0397;221,4524
"145";"Austria";2020;183,2963;196,4811
"146";"Austria";2021;223,017;226,74
"147";"Austria";2022;275,4962;277,6469
"148";"Austria";2023;270,3232;283,8542
"149";"Poland";2018;253,008;263,2155
"150";"Poland";2019;263,5534;283,2664
"151";"Poland";2020;249,0402;278,8074
"152";"Poland";2021;313,4724;332,5916
"153";"Poland";2022;401,0029;412,6529
"154";"Poland";2023;388,3448;434,0731
"155";"Portugal";2018;88,1944;89,1437
"156";"Portugal";2019;92,3018;93,271
"157";"Portugal";2020;78,5848;74,2858
"158";"Portugal";2021;95,5478;89,4497
"159";"Portugal";2022;126,0322;120,1985
"160";"Portugal";2023;123,7485;125,9584
"161";"Romania";2018;92,5856;85,6056
"162";"Romania";2019;99,3166;90,1193
"163";"Romania";2020;90,8025;81,3083
"164";"Romania";2021;111,7767;98,0743
"165";"Romania";2022;141,9578;122,9737
"166";"Romania";2023;142,5201;126,997
"167";"Slovenia";2018;35,02647;38,89979
"168";"Slovenia";2019;36,44828;40,62195
"169";"Slovenia";2020;32,37893;36,58248
"170";"Slovenia";2021;40,63249;43,68565
"171";"Slovenia";2022;52,40668;53,69876
"172";"Slovenia";2023;48,78578;52,99466
"173";"Slovakia";2018;84,4536;86,1322
"174";"Slovakia";2019;86,4833;86,7891
"175";"Slovakia";2020;77,9634;79,4798
"176";"Slovakia";2021;92,3659;92,2858
"177";"Slovakia";2022;114,8667;108,9908
"178";"Slovakia";2023;110,6503;112,2888
"179";"Finland";2018;92,739;89,81
"180";"Finland";2019;95,283;95,657
"181";"Finland";2020;85,006;85,188
"182";"Finland";2021;98,872;98,956
"183";"Finland";2022;127,979;121,574
"184";"Finland";2023;114,89;113,728
"185";"Sweden";2018;204,4995;215,0188
"186";"Sweden";2019;208,0329;227,988
"187";"Sweden";2020;189,1656;210,712
"188";"Sweden";2021;225,7627;251,434
"189";"Sweden";2022;281,6775;297,0411
"190";"Sweden";2023;271,9099;296,0249
"191";"United Kingdom";2018;801,91;768,278
"192";"United Kingdom";2019;840,621;805,103
"193";"United Kingdom";2020;687,848;702,262
"194";"United Kingdom";2021;790,619;786,526
"195";"United Kingdom";2022;1060,958;982,578
"196";"United Kingdom";2023;1032,341;993,967
"197";"Belgium";1990;96,9069;99,1392
"198";"Bulgaria";1990;NA;NA
"199";"Denmark";1990;33,6135;39,664
"200";"Germany";1990;NA;NA
"201";"Estonia";1990;NA;NA
"202";"Ireland";1990;19,5395;21,2413
"203";"Greece";1990;19,53063;11,38592
"204";"Spain";1990;83,629;66,5917
"205";"France";1990;217,0711;209,0231
"206";"Croatia";1990;NA;NA
"207";"Italy";1990;167,9136;169,7632
"208";"Cyprus";1990;3,80318;3,63022
"209";"Latvia";1990;NA;NA
"210";"Lithuania";1990;NA;NA
"211";"Luxembourg";1990;8,8644;10,1912
"212";"Hungary";1990;4,157;4,5463
"213";"Malta";1990;2,51501;2,30492
"214";"Netherlands";1990;123,2138;135,5963
"215";"Austria";1990;46,8734;46,7904
"216";"Poland";1990;6,1836;8,2833
"217";"Portugal";1990;22,98853;17,88957
"218";"Romania";1990;4,72845;3,03714
"219";"Slovenia";1990;NA;NA
"220";"Slovakia";1990;NA;NA
"221";"Finland";1990;26,39534;24,66978
"222";"Sweden";1990;57,1135;58,4584
"223";"United Kingdom";1990;210,2805;194,8834
"224";"Belgium";1991;99,463;102,0142
"225";"Bulgaria";1991;1,04864;1,57706
"226";"Denmark";1991;35,4302;42,4326
"227";"Germany";1991;365,288;357,531
"228";"Estonia";1991;NA;NA
"229";"Ireland";1991;20,4898;22,3928
"230";"Greece";1991;20,75683;12,08284
"231";"Spain";1991;91,5967;73,7264
"232";"France";1991;221,8685;218,4614
"233";"Croatia";1991;NA;NA
"234";"Italy";1991;169,7797;171,7484
"235";"Cyprus";1991;4,04737;3,52797
"236";"Latvia";1991;NA;NA
"237";"Lithuania";1991;NA;NA
"238";"Luxembourg";1991;9,9606;11,3158
"239";"Hungary";1991;5,3934;5,2484
"240";"Malta";1991;2,76356;2,60717
"241";"Netherlands";1991;131,2196;145,1324
"242";"Austria";1991;49,8159;48,6383
"243";"Poland";1991;10,2717;9,55
"244";"Portugal";1991;25,18363;18,42948
"245";"Romania";1991;3,1801;2,61308
"246";"Slovenia";1991;6,66453;7,40522
"247";"Slovakia";1991;NA;NA
"248";"Finland";1991;22,95035;21,96971
"249";"Sweden";1991;55,0514;58,7594
"250";"United Kingdom";1991;205,6765;202,2899
"251";"Belgium";1992;102,2105;106,1804
"252";"Bulgaria";1992;1,39017;1,67767
"253";"Denmark";1992;35,5147;43,6782
"254";"Germany";1992;373,972;365,395
"255";"Estonia";1992;NA;NA
"256";"Ireland";1992;22,0949;25,234
"257";"Greece";1992;21,47353;13,34345
"258";"Spain";1992;95,9844;79,0605
"259";"France";1992;223,3106;230,2931
"260";"Croatia";1992;NA;NA
"261";"Italy";1992;177,7358;178,2091
"262";"Cyprus";1992;4,89934;4,24509
"263";"Latvia";1992;0,79335;0,80262
"264";"Lithuania";1992;0,25987;0,2895
"265";"Luxembourg";1992;10,0667;12,0097
"266";"Hungary";1992;4,9163;4,8838
"267";"Malta";1992;2,92848;2,89177
"268";"Netherlands";1992;135,137;148,8642
"269";"Austria";1992;51,9394;49,9935
"270";"Poland";1992;8,6222;9,2709
"271";"Portugal";1992;27,0669;19,4891
"272";"Romania";1992;3,1552;2,43525
"273";"Slovenia";1992;5,16396;5,73154
"274";"Slovakia";1992;NA;NA
"275";"Finland";1992;21,43912;22,17427
"276";"Sweden";1992;54,1804;57,946
"277";"United Kingdom";1992;208,666;202,318
"278";"Belgium";1993;101,7355;107,2276
"279";"Bulgaria";1993;2,83;3,1996
"280";"Denmark";1993;35,5056;44,7094
"281";"Germany";1993;358,341;359,48
"282";"Estonia";1993;1,04205;0,9827
"283";"Ireland";1993;23,6238;28,1196
"284";"Greece";1993;21,34254;13,0478
"285";"Spain";1993;85,8041;79,523
"286";"France";1993;215,3203;234,0438
"287";"Croatia";1993;NA;NA
"288";"Italy";1993;157,9605;185,6307
"289";"Cyprus";1993;4,09158;4,28016
"290";"Latvia";1993;1,0201;1,21238
"291";"Lithuania";1993;1,68923;1,46713
"292";"Luxembourg";1993;11,2322;13,6661
"293";"Hungary";1993;10,3876;7,9407
"294";"Malta";1993;3,08343;2,97763
"295";"Netherlands";1993;138,5277;157,8649
"296";"Austria";1993;51,6461;51,1415
"297";"Poland";1993;16,2307;17,0465
"298";"Portugal";1993;24,81241;18,62287
"299";"Romania";1993;6,16561;5,09741
"300";"Slovenia";1993;5,93209;5,96918
"301";"Slovakia";1993;7,00713;6,47565
"302";"Finland";1993;20,38299;23,88137
"303";"Sweden";1993;50,0426;56,0878
"304";"United Kingdom";1993;221,3954;218,2313
"305";"Belgium";1994;113,3553;120,0908
"306";"Bulgaria";1994;2,48855;3,32826
"307";"Denmark";1994;40,7263;48,526
"308";"Germany";1994;389,458;393,123
"309";"Estonia";1994;1,67394;1,46326
"310";"Ireland";1994;28,156;32,693
"311";"Greece";1994;21,33052;14,18858
"312";"Spain";1994;94,9416;91,0241
"313";"France";1994;236,5946;253,7204
"314";"Croatia";1994;NA;NA
"315";"Italy";1994;171,9571;202,3934
"316";"Cyprus";1994;4,569;4,78366
"317";"Latvia";1994;1,32244;1,27953
"318";"Lithuania";1994;1,79967;1,54322
"319";"Luxembourg";1994;12,4881;15,4893
"320";"Hungary";1994;11,2477;9,208
"321";"Malta";1994;3,42099;3,29203
"322";"Netherlands";1994;152,687;173,9426
"323";"Austria";1994;58,0375;55,219
"324";"Poland";1994;18,032;19,9435
"325";"Portugal";1994;27,0312;20,6007
"326";"Romania";1994;6,63061;6,15541
"327";"Slovenia";1994;6,65673;6,82328
"328";"Slovakia";1994;7,08645;7,7789
"329";"Finland";1994;24,74614;29,66445
"330";"Sweden";1994;57,9436;65,6618
"331";"United Kingdom";1994;242,6769;242,5829
"332";"Belgium";1995;124,0535;131,7234
"333";"Bulgaria";1995;3,32814;4,69522
"334";"Denmark";1995;45,1997;51,8607
"335";"Germany";1995;426,902;436,181
"336";"Estonia";1995;2,18687;1,9692
"337";"Ireland";1995;33,0948;38,8783
"338";"Greece";1995;23,74005;15,09779
"339";"Spain";1995;107,3659;102,8337
"340";"France";1995;256,9548;275,9166
"341";"Croatia";1995;6,14851;4,72978
"342";"Italy";1995;188,6969;221,5913
"343";"Cyprus";1995;5,13694;5,07132
"344";"Latvia";1995;1,6262;1,43
"345";"Lithuania";1995;2,4479;1,90332
"346";"Luxembourg";1995;13,5599;16,917
"347";"Hungary";1995;13,8725;13,884
"348";"Malta";1995;3,7259;3,45908
"349";"Netherlands";1995;173,4055;196,7906
"350";"Austria";1995;63,959;61,8187
"351";"Poland";1995;22,5236;24,9618
"352";"Portugal";1995;30,1669;24,36324
"353";"Romania";1995;8,76659;7,3281
"354";"Slovenia";1995;7,79093;7,42468
"355";"Slovakia";1995;8,3245;8,64976
"356";"Finland";1995;29,05711;36,71041
"357";"Sweden";1995;63,8306;76,7053
"358";"United Kingdom";1995;253,8463;256,7348
"359";"Belgium";1996;127,7168;133,9805
"360";"Bulgaria";1996;3,62569;4,7111
"361";"Denmark";1996;46,5044;54,8775
"362";"Germany";1996;435,802;451,991
"363";"Estonia";1996;2,70301;2,31022
"364";"Ireland";1996;38,1858;44,7206
"365";"Greece";1996;26,66936;16,41688
"366";"Spain";1996;117,2355;116,7729
"367";"France";1996;268,5413;290,2688
"368";"Croatia";1996;6,9515;5,73329
"369";"Italy";1996;198,1581;244,9967
"370";"Cyprus";1996;5,57368;5,53947
"371";"Latvia";1996;2,32469;1,90098
"372";"Lithuania";1996;3,38342;2,7697
"373";"Luxembourg";1996;14,3956;18,2757
"374";"Hungary";1996;15,1967;15,3823
"375";"Malta";1996;3,70099;3,42041
"376";"Netherlands";1996;180,7878;202,4281
"377";"Austria";1996;66,9351;64,0351
"378";"Poland";1996;29,4607;27,8399
"379";"Portugal";1996;32,52594;25,65132
"380";"Romania";1996;9,96561;7,68168
"381";"Slovenia";1996;8,02881;7,81741
"382";"Slovakia";1996;10,69308;8,88367
"383";"Finland";1996;30,62043;37,82386
"384";"Sweden";1996;69,5584;83,5764
"385";"United Kingdom";1996;283,4573;285,4283
"386";"Belgium";1997;135,9914;143,6984
"387";"Bulgaria";1997;3,69199;4,96196
"388";"Denmark";1997;51,2361;57,9094
"389";"Germany";1997;474,141;497,309
"390";"Estonia";1997;3,6734;3,20499
"391";"Ireland";1997;47,6331;56,3928
"392";"Greece";1997;29,12703;20,49744
"393";"Spain";1997;132,7;133,8183
"394";"France";1997;288,0156;325,4579
"395";"Croatia";1997;9,29948;6,58527
"396";"Italy";1997;224,0277;264,7043
"397";"Cyprus";1997;5,93858;5,82147
"398";"Latvia";1997;2,8031;2,28326
"399";"Lithuania";1997;4,91215;4,01295
"400";"Luxembourg";1997;16,498;20,1745
"401";"Hungary";1997;19,5641;19,9798
"402";"Malta";1997;3,84743;3,68541
"403";"Netherlands";1997;197,1777;220,7528
"404";"Austria";1997;71,0095;69,5588
"405";"Poland";1997;38,0794;32,8057
"406";"Portugal";1997;36,31304;28,05007
"407";"Romania";1997;11,00549;8,86433
"408";"Slovenia";1997;8,92208;8,71364
"409";"Slovakia";1997;12,44281;10,6275
"410";"Finland";1997;34,10739;42,32333
"411";"Sweden";1997;77,2643;93,4843
"412";"United Kingdom";1997;340,3981;345,9275
"413";"Belgium";1998;139,924;147,6324
"414";"Bulgaria";1998;4,71705;5,63584
"415";"Denmark";1998;54,0225;58,8839
"416";"Germany";1998;503,745;530,284
"417";"Estonia";1998;4,21641;3,73146
"418";"Ireland";1998;59,1742;68,002
"419";"Greece";1998;33,51834;21,03192
"420";"Spain";1998;147,1184;144,3736
"421";"France";1998;313,3722;348,2855
"422";"Croatia";1998;8,23649;6,69446
"423";"Italy";1998;238,5382;272,8744
"424";"Cyprus";1998;6,06012;6,28759
"425";"Latvia";1998;3,28553;2,51208
"426";"Lithuania";1998;5,06606;3,92282
"427";"Luxembourg";1998;19,2705;22,7859
"428";"Hungary";1998;23,6283;22,9704
"429";"Malta";1998;4,01103;3,91751
"430";"Netherlands";1998;207,2142;230,8839
"431";"Austria";1998;75,1443;74,7889
"432";"Poland";1998;47,4746;40,2069
"433";"Portugal";1998;40,39874;30,24946
"434";"Romania";1998;11,42427;8,5304
"435";"Slovenia";1998;9,73163;9,3969
"436";"Slovakia";1998;11,63357;9,47854
"437";"Finland";1998;35,35529;44,8267
"438";"Sweden";1998;82,5882;97,601
"439";"United Kingdom";1998;358,1754;346,4817
"440";"Belgium";1999;146,776;156,057
"441";"Bulgaria";1999;6,05972;5,47387
"442";"Denmark";1999;55,7583;65,7761
"443";"Germany";1999;543,646;558,369
"444";"Estonia";1999;4,01464;3,77759
"445";"Ireland";1999;68,1184;80,4016
"446";"Greece";1999;39,35422;26,94762
"447";"Spain";1999;168,434;156,883
"448";"France";1999;331,102;362,177
"449";"Croatia";1999;8,00995;6,68197
"450";"Italy";1999;251,6622;272,4728
"451";"Cyprus";1999;6,32526;6,58538
"452";"Latvia";1999;3,15938;2,46825
"453";"Lithuania";1999;4,36427;3,33657
"454";"Luxembourg";1999;22,6211;27,305
"455";"Hungary";1999;26,8523;25,6115
"456";"Malta";1999;4,39726;4,30897
"457";"Netherlands";1999;227,729;249,9
"458";"Austria";1999;79,2083;80,2296
"459";"Poland";1999;47,6162;38,4224
"460";"Portugal";1999;44,05271;31,67072
"461";"Romania";1999;10,93673;9,40374
"462";"Slovenia";1999;10,28169;9,36263
"463";"Slovakia";1999;10,11182;9,2543
"464";"Finland";1999;36,343;47,726
"465";"Sweden";1999;88,8572;104,2708
"466";"United Kingdom";1999;392,6736;368,1281
"467";"Belgium";2000;178,745;185,552
"468";"Bulgaria";2000;5,98287;5,21814
"469";"Denmark";2000;67,9652;79,9113
"470";"Germany";2000;646,806;652,501
"471";"Estonia";2000;4,00344;3,80342
"472";"Ireland";2000;87,4093;102,4091
"473";"Greece";2000;49,60876;33,91156
"474";"Spain";2000;204,355;184,932
"475";"France";2000;402,308;418,461
"476";"Croatia";2000;9,32767;8,60912
"477";"Italy";2000;307,5454;317,9683
"478";"Cyprus";2000;7,29656;7,55919
"479";"Latvia";2000;3,86282;3,17517
"480";"Lithuania";2000;5,58719;4,81486
"481";"Luxembourg";2000;28,4953;34,2695
"482";"Hungary";2000;36,097;34,2306
"483";"Malta";2000;5,56076;5,24458
"484";"Netherlands";2000;268,653;297,929
"485";"Austria";2000;89,6363;92,5905
"486";"Poland";2000;62,5515;50,7486
"487";"Portugal";2000;50,40059;36,21575
"488";"Romania";2000;15,50171;13,34699
"489";"Slovenia";2000;11,7671;10,96297
"490";"Slovakia";2000;12,65585;12,08198
"491";"Finland";2000;44,84;57,348
"492";"Sweden";2000;107,7534;124,2943
"493";"United Kingdom";2000;476,3226;442,7874
"494";"Belgium";2001;179,87;188,764
"495";"Bulgaria";2001;7,03018;5,548
"496";"Denmark";2001;70,7749;83,9166
"497";"Germany";2001;656,29;694,733
"498";"Estonia";2001;4,55592;4,27972
"499";"Ireland";2001;97,203;116,2545
"500";"Greece";2001;50,75851;34,68306
"501";"Spain";2001;211,341;194,904
"502";"France";2001;409,674;429,317
"503";"Croatia";2001;10,95272;10,03877
"504";"Italy";2001;317,9225;334,2272
"505";"Cyprus";2001;7,38413;7,91422
"506";"Latvia";2001;4,53452;3,56261
"507";"Lithuania";2001;6,77334;6,02566
"508";"Luxembourg";2001;29,4546;35,0492
"509";"Hungary";2001;39,6387;38,9006
"510";"Malta";2001;5,00264;4,927
"511";"Netherlands";2001;272,494;304,244
"512";"Austria";2001;94,5218;98,367
"513";"Poland";2001;65,5166;57,8372
"514";"Portugal";2001;51,12558;37,24934
"515";"Romania";2001;18,44699;14,99671
"516";"Slovenia";2001;12,27261;12,03063
"517";"Slovakia";2001;15,71252;13,79656
"518";"Finland";2001;44,13;57,36
"519";"Sweden";2001;100,4688;117,1547
"520";"United Kingdom";2001;489,128;447,1452
"521";"Belgium";2002;178,27;193,411
"522";"Bulgaria";2002;7,27483;5,88094
"523";"Denmark";2002;73,8152;86,8199
"524";"Germany";2002;622,997;719,655
"525";"Estonia";2002;5,11302;4,53365
"526";"Ireland";2002;99,6456;123,0087
"527";"Greece";2002;49,42423;32,87663
"528";"Spain";2002;213,59;198,39
"529";"France";2002;404,555;431,084
"530";"Croatia";2002;13,00004;10,75208
"531";"Italy";2002;319,3063;329,3452
"532";"Cyprus";2002;7,39912;7,5404
"533";"Latvia";2002;4,74502;3,7153
"534";"Lithuania";2002;8,0444;7,18323
"535";"Luxembourg";2002;29,3303;35,6256
"536";"Hungary";2002;43,108;41,6652
"537";"Malta";2002;5,07961;5,2879
"538";"Netherlands";2002;266,831;300,413
"539";"Austria";2002;94,2566;102,536
"540";"Poland";2002;67,5957;60,4339
"541";"Portugal";2002;50,22837;38,43282
"542";"Romania";2002;19,92695;17,19334
"543";"Slovenia";2002;12,81835;13,06585
"544";"Slovakia";2002;17,02336;15,12111
"545";"Finland";2002;44,79;57,96
"546";"Sweden";2002;100,3523;118,0716
"547";"United Kingdom";2002;497,7105;445,3197
"548";"Belgium";2003;179,175;193,878
"549";"Bulgaria";2003;8,38342;6,46976
"550";"Denmark";2003;71,6999;84,8385
"551";"Germany";2003;642,217;723,557
"552";"Estonia";2003;5,73762;4,99851
"553";"Ireland";2003;95,6297;117,6847
"554";"Greece";2003;53,0372;33,17717
"555";"Spain";2003;222,273;204,462
"556";"France";2003;401,518;419,362
"557";"Croatia";2003;14,22431;11,94036
"558";"Italy";2003;318,5824;324,88
"559";"Cyprus";2003;7,23915;7,43475
"560";"Latvia";2003;5,09946;3,78501
"561";"Lithuania";2003;8,66045;7,6959
"562";"Luxembourg";2003;30,1686;36,3749
"563";"Hungary";2003;45,4122;42,4487
"564";"Malta";2003;5,1232;5,16485
"565";"Netherlands";2003;268,259;302,53
"566";"Austria";2003;96,8158;102,9802
"567";"Poland";2003;69,3076;64,2032
"568";"Portugal";2003;49,23569;39,09984
"569";"Romania";2003;22,21517;18,28412
"570";"Slovenia";2003;13,4705;13,38718
"571";"Slovakia";2003;19,2684;18,69799
"572";"Finland";2003;46,64;56,484
"573";"Sweden";2003;102,423;121,0288
"574";"United Kingdom";2003;467,5869;423,676
"575";"Belgium";2004;196,157;210,203
"576";"Bulgaria";2004;10,99135;8,63927
"577";"Denmark";2004;77,5615;88,9967
"578";"Germany";2004;690,443;804,899
"579";"Estonia";2004;6,73658;5,97198
"580";"Ireland";2004;103,3057;125,7527
"581";"Greece";2004;56,54628;40,11489
"582";"Spain";2004;250,101;216,896
"583";"France";2004;432,613;443,241
"584";"Croatia";2004;15,21656;13,20327
"585";"Italy";2004;340,0863;348,5181
"586";"Cyprus";2004;7,94658;7,92929
"587";"Latvia";2004;6,37708;4,56188
"588";"Lithuania";2004;9,91821;8,63481
"589";"Luxembourg";2004;35,8057;42,7513
"590";"Hungary";2004;53,1952;49,9147
"591";"Malta";2004;5,10055;5,03578
"592";"Netherlands";2004;291,375;332,889
"593";"Austria";2004;106,3058;113,3052
"594";"Poland";2004;76,1585;70,6272
"595";"Portugal";2004;54,105;41,52794
"596";"Romania";2004;27,37233;21,88278
"597";"Slovenia";2004;15,64649;15,2458
"598";"Slovakia";2004;24,79455;23,84479
"599";"Finland";2004;51,35;61,155
"600";"Sweden";2004;110,2048;133,5697
"601";"United Kingdom";2004;503,5167;451,3594
"602";"Belgium";2005;217,585;229,005
"603";"Bulgaria";2005;13,74716;10,22409
"604";"Denmark";2005;89,2776;100,9928
"605";"Germany";2005;751,938;868,355
"606";"Estonia";2005;7,99744;7,42252
"607";"Ireland";2005;116,9105;135,4413
"608";"Greece";2005;58,95308;42,46298
"609";"Spain";2005;276,074;229,55
"610";"France";2005;474,592;467,25
"611";"Croatia";2005;16,58658;14,3462
"612";"Italy";2005;368,8881;367,2421
"613";"Cyprus";2005;8,45584;8,3757
"614";"Latvia";2005;7,91439;5,92644
"615";"Lithuania";2005;12,82712;11,30814
"616";"Luxembourg";2005;40,8712;48,5531
"617";"Hungary";2005;58,9377;56,887
"618";"Malta";2005;5,49264;5,36691
"619";"Netherlands";2005;316,111;363,466
"620";"Austria";2005;115,1982;123,0404
"621";"Poland";2005;87,8078;85,209
"622";"Portugal";2005;56,85719;42,41458
"623";"Romania";2005;34,51236;26,40108
"624";"Slovenia";2005;17,60482;17,41842
"625";"Slovakia";2005;30,15409;28,34873
"626";"Finland";2005;59,791;66,175
"627";"Sweden";2005;121,2177;143,6834
"628";"United Kingdom";2005;552,5622;499,1808
"629";"Belgium";2006;235,14;247,32
"630";"Bulgaria";2006;17,56144;12,87661
"631";"Denmark";2006;105,1803;114,4121
"632";"Germany";2006;858,981;985,788
"633";"Estonia";2006;9,95642;8,58473
"634";"Ireland";2006;131,2652;146,1492
"635";"Greece";2006;69,01033;46,13003
"636";"Spain";2006;310,328;250,703
"637";"France";2006;519,126;503,641
"638";"Croatia";2006;18,65282;15,94381
"639";"Italy";2006;419,0836;406,1331
"640";"Cyprus";2006;9,16803;8,69071
"641";"Latvia";2006;10,46927;6,90064
"642";"Lithuania";2006;15,86431;13,3929
"643";"Luxembourg";2006;48,803;59,5863
"644";"Hungary";2006;68,9079;67,909
"645";"Malta";2006;6,83116;6,64937
"646";"Netherlands";2006;350,695;401,272
"647";"Austria";2006;126,3069;135,4551
"648";"Poland";2006;109,6429;103,9767
"649";"Portugal";2006;63,43381;49,73674
"650";"Romania";2006;43,29624;31,55285
"651";"Slovenia";2006;20,43371;20,41862
"652";"Slovakia";2006;38,70267;36,89156
"653";"Finland";2006;67,34;74,519
"654";"Sweden";2006;135,9583;161,3772
"655";"United Kingdom";2006;624,7426;571,77
"656";"Belgium";2007;253,959;267,121
"657";"Bulgaria";2007;23,10757;16,99691
"658";"Denmark";2007;113,3892;120,1509
"659";"Germany";2007;913,826;1080,938
"660";"Estonia";2007;11,70878;10,26702
"661";"Ireland";2007;142,9937;159,3046
"662";"Greece";2007;81,45266;52,40345
"663";"Spain";2007;342,602;277,851
"664";"France";2007;552,946;527,829
"665";"Croatia";2007;20,32366;17,13136
"666";"Italy";2007;447,237;441,4547
"667";"Cyprus";2007;10,20563;9,36879
"668";"Latvia";2007;13,03497;8,72089
"669";"Lithuania";2007;18,43592;14,62439
"670";"Luxembourg";2007;55,6259;67,9957
"671";"Hungary";2007;78,9313;79,6341
"672";"Malta";2007;7,42563;7,45809
"673";"Netherlands";2007;376,85;430,974
"674";"Austria";2007;136,4687;148,1902
"675";"Poland";2007;132,1328;121,0442
"676";"Portugal";2007;67,8136;54,40507
"677";"Romania";2007;54,48402;36,5489
"678";"Slovenia";2007;24,21834;23,76212
"679";"Slovakia";2007;47,46518;46,83565
"680";"Finland";2007;73,102;82,091
"681";"Sweden";2007;147,1421;172,0082
"682";"United Kingdom";2007;614,5877;556,2217
"683";"Belgium";2008;280,463;282,176
"684";"Bulgaria";2008;26,89623;19,54619
"685";"Denmark";2008;122,3831;130,8962
"686";"Germany";2008;960,269;1113,329
"687";"Estonia";2008;11,68187;11,03316
"688";"Ireland";2008;141,7849;157,9404
"689";"Greece";2008;87,03946;56,53275
"690";"Spain";2008;339,795;282,589
"691";"France";2008;581,543;546,588
"692";"Croatia";2008;22,38877;18,51906
"693";"Italy";2008;452,9784;440,102
"694";"Cyprus";2008;11,9464;9,52025
"695";"Latvia";2008;12,77679;9,63082
"696";"Lithuania";2008;22,46575;18,68233
"697";"Luxembourg";2008;59,6522;71,3431
"698";"Hungary";2008;85,3271;85,7282
"699";"Malta";2008;9,11493;9,09971
"700";"Netherlands";2008;402,775;457,913
"701";"Austria";2008;142,9587;155,1754
"702";"Poland";2008;157,083;138,6257
"703";"Portugal";2008;73,04809;55,67458
"704";"Romania";2008;57,22177;38,35345
"705";"Slovenia";2008;25,82029;25,08909
"706";"Slovakia";2008;54,70019;52,83214
"707";"Finland";2008;80,262;87,321
"708";"Sweden";2008;153,4195;175,4994
"709";"United Kingdom";2008;586,4599;528,4543
"710";"Belgium";2009;233,847;241,739
"711";"Bulgaria";2009;18,88611;15,79731
"712";"Denmark";2009;98,591;108,9916
"713";"Germany";2009;808,518;930,04
"714";"Estonia";2009;7,89975;8,60135
"715";"Ireland";2009;135,6743;158,5963
"716";"Greece";2009;68,31877;45,08918
"717";"Spain";2009;257,071;244,658
"718";"France";2009;494,376;466,753
"719";"Croatia";2009;17,24193;15,56674
"720";"Italy";2009;363,8464;353,5295
"721";"Cyprus";2009;10,09764;9,09911
"722";"Latvia";2009;8,2914;7,98754
"723";"Lithuania";2009;14,44228;13,98973
"724";"Luxembourg";2009;48,7733;60,6672
"725";"Hungary";2009;66,3342;70,1419
"726";"Malta";2009;9,16119;9,06888
"727";"Netherlands";2009;344,748;390,004
"728";"Austria";2009;119,9449;128,4867
"729";"Poland";2009;120,6225;117,9051
"730";"Portugal";2009;59,65513;47,51262
"731";"Romania";2009;40,67583;32,95803
"732";"Slovenia";2009;20,02662;20,7025
"733";"Slovakia";2009;44,23499;43,28551
"734";"Finland";2009;62,021;65,661
"735";"Sweden";2009;119,8183;137,6599
"736";"United Kingdom";2009;485,9308;447,3704
"737";"Belgium";2010;272,554;279,114
"738";"Bulgaria";2010;20,27305;19,18367
"739";"Denmark";2010;105,9644;122,8544
"740";"Germany";2010;955,982;1090,085
"741";"Estonia";2010;10,11348;11,04891
"742";"Ireland";2010;144,9247;172,7948
"743";"Greece";2010;69,45244;49,95793
"744";"Spain";2010;289,953;275,847
"745";"France";2010;558,08;520,469
"746";"Croatia";2010;17,17381;16,98356
"747";"Italy";2010;435,7443;404,1485
"748";"Cyprus";2010;11,09298;9,69081
"749";"Latvia";2010;9,8069;9,54464
"750";"Lithuania";2010;18,84009;18,31388
"751";"Luxembourg";2010;56,9072;70,1196
"752";"Hungary";2010;75,6248;80,8687
"753";"Malta";2010;10,17417;10,1141
"754";"Netherlands";2010;401,585;454,398
"755";"Austria";2010;140,4769;150,2707
"756";"Poland";2010;152,1513;144,9221
"757";"Portugal";2010;67,3506;53,75089
"758";"Romania";2010;48,72528;40,94174
"759";"Slovenia";2010;22,78582;23,306
"760";"Slovakia";2010;52,56689;51,5853
"761";"Finland";2010;69,998;72,366
"762";"Sweden";2010;150,2799;170,4593
"763";"United Kingdom";2010;567,5974;517,9462
"764";"Belgium";2011;307,524;309,486
"765";"Bulgaria";2011;24,23549;24,39082
"766";"Denmark";2011;117,5578;133,4084
"767";"Germany";2011;1079,344;1211,489
"768";"Estonia";2011;13,46915;14,42412
"769";"Ireland";2011;145,1427;177,3031
"770";"Greece";2011;66,88938;52,86568
"771";"Spain";2011;312,207;309,575
"772";"France";2011;625,312;572,553
"773";"Croatia";2011;18,27125;18,06462
"774";"Italy";2011;467,9319;442,2189
"775";"Cyprus";2011;11,02202;10,44318
"776";"Latvia";2011;12,68627;11,6806
"777";"Lithuania";2011;24,25271;23,45505
"778";"Luxembourg";2011;62,7873;76,8286
"779";"Hungary";2011;81,7043;87,8867
"780";"Malta";2011;10,81507;10,98887
"781";"Netherlands";2011;442,443;497,347
"782";"Austria";2011;157,8707;165,6476
"783";"Poland";2011;169,2814;161,8425
"784";"Portugal";2011;67,95194;60,40987
"785";"Romania";2011;56,5381;49,11761
"786";"Slovenia";2011;25,28811;25,96539
"787";"Slovakia";2011;60,71174;60,06634
"788";"Finland";2011;78,768;77,093
"789";"Sweden";2011;169,9897;189,0394
"790";"United Kingdom";2011;603,8212;572,6419
"791";"Belgium";2012;316,546;318,935
"792";"Bulgaria";2012;26,83554;25,50468
"793";"Denmark";2012;123,7519;139,0775
"794";"Germany";2012;1100,331;1268,318
"795";"Estonia";2012;15,14403;15,42211
"796";"Ireland";2012;157,516;187,662
"797";"Greece";2012;63,35307;54,84492
"798";"Spain";2012;303,95;319,223
"799";"France";2012;640,24;595,23
"800";"Croatia";2012;18,05734;18,26522
"801";"Italy";2012;445,2372;461,1739
"802";"Cyprus";2012;10,70482;10,41615
"803";"Latvia";2012;14,5054;13,52446
"804";"Lithuania";2012;26,93321;27,22007
"805";"Luxembourg";2012;68,558;82,2445
"806";"Hungary";2012;79,3239;85,9756
"807";"Malta";2012;11,53499;11,88075
"808";"Netherlands";2012;466,677;528,623
"809";"Austria";2012;162,374;170,5988
"810";"Poland";2012;174,7658;173,0515
"811";"Portugal";2012;64,35899;63,50384
"812";"Romania";2012;56,6589;50,01872
"813";"Slovenia";2012;24,85881;26,38051
"814";"Slovakia";2012;63,80733;66,47291
"815";"Finland";2012;81,764;78,881
"816";"Sweden";2012;175,2294;196,1055
"817";"United Kingdom";2012;661,6037;615,5619
"818";"Belgium";2013;315,988;320,461
"819";"Bulgaria";2013;27,33365;27,16149
"820";"Denmark";2013;124,7688;141,8651
"821";"Germany";2013;1116,353;1284,744
"822";"Estonia";2013;15,59129;15,95556
"823";"Ireland";2013;157,314;191,183
"824";"Greece";2013;59,91528;54,83477
"825";"Spain";2013;297,062;330,453
"826";"France";2013;644,957;605,134
"827";"Croatia";2013;18,51094;18,71233
"828";"Italy";2013;426,8876;463,1289
"829";"Cyprus";2013;10,30826;10,63911
"830";"Latvia";2013;14,49858;13,76759
"831";"Lithuania";2013;28,95062;29,38787
"832";"Luxembourg";2013;74,2861;89,4408
"833";"Hungary";2013;80,1679;87,2745
"834";"Malta";2013;11,55479;12,07004
"835";"Netherlands";2013;465,502;535,32
"836";"Austria";2013;163,2391;171,5662
"837";"Poland";2013;175,1519;182,8405
"838";"Portugal";2013;65,57271;67,28393
"839";"Romania";2013;58,45733;57,3383
"840";"Slovenia";2013;24,98786;27,00485
"841";"Slovakia";2013;66,4458;69,58581
"842";"Finland";2013;80,724;78,924
"843";"Sweden";2013;171,2193;190,8616
"844";"United Kingdom";2013;655,7275;609,5246
"845";"Belgium";2014;329,805;333,478
"846";"Bulgaria";2014;28,20403;27,80074
"847";"Denmark";2014;126,1418;144,5986
"848";"Germany";2014;1144,106;1334,833
"849";"Estonia";2014;15,71517;16,4106
"850";"Ireland";2014;185,182;219,79
"851";"Greece";2014;62,17087;57,83746
"852";"Spain";2014;313,698;338,769
"853";"France";2014;661,983;619,459
"854";"Croatia";2014;19,09172;19,95309
"855";"Italy";2014;429,0261;475,301
"856";"Cyprus";2014;10,56494;10,9256
"857";"Latvia";2014;14,51541;14,0678
"858";"Lithuania";2014;28,8985;29,59943
"859";"Luxembourg";2014;86,1098;103,0908
"860";"Hungary";2014;85,7621;93,0478
"861";"Malta";2014;11,58145;12,64389
"862";"Netherlands";2014;475,53;547,415
"863";"Austria";2014;164,271;175,1747
"864";"Poland";2014;189,6632;195,5878
"865";"Portugal";2014;69,03324;69,36035
"866";"Romania";2014;62,59616;61,93445
"867";"Slovenia";2014;25,73629;28,51809
"868";"Slovakia";2014;67,01223;69,72111
"869";"Finland";2014;78,393;76,482
"870";"Sweden";2014;176,1805;194,8539
"871";"United Kingdom";2014;679,6467;634,7117
"872";"Belgium";2015;333,443;340,295
"873";"Bulgaria";2015;28,965;29,0319
"874";"Denmark";2015;129,9835;150,0994
"875";"Germany";2015;1189,25;1418,789
"876";"Estonia";2015;15,21656;16,05669
"877";"Ireland";2015;235,985;317,197
"878";"Greece";2015;55,82129;56,07384
"879";"Spain";2015;330,527;356,873
"880";"France";2015;684,96;654,922
"881";"Croatia";2015;20,70625;21,91242
"882";"Italy";2015;446,0418;493,9343
"883";"Cyprus";2015;10,7381;10,7971
"884";"Latvia";2015;14,63625;14,36066
"885";"Lithuania";2015;28,56265;28,31996
"886";"Luxembourg";2015;100,71;118,8706
"887";"Hungary";2015;89,7326;99,5052
"888";"Malta";2015;12,62975;13,35607
"889";"Netherlands";2015;484,963;557,89
"890";"Austria";2015;166,7257;180,3495
"891";"Poland";2015;199,6583;212,966
"892";"Portugal";2015;71,50273;72,80835
"893";"Romania";2015;66,74282;65,75922
"894";"Slovenia";2015;26,54331;30,05986
"895";"Slovakia";2015;71,65363;73,56175
"896";"Finland";2015;77,81;77,186
"897";"Sweden";2015;182,575;203,793
"898";"United Kingdom";2015;753,9368;712,8972
"899";"Belgium";2016;343,15;356,035
"900";"Bulgaria";2016;28,65887;30,10713
"901";"Denmark";2016;127,948;146,981
"902";"Germany";2016;1202,635;1441,387
"903";"Estonia";2016;15,81919;16,64815
"904";"Ireland";2016;257,159;318,817
"905";"Greece";2016;54,21604;53,03653
"906";"Spain";2016;335,908;368,322
"907";"France";2016;694,308;655,967
"908";"Croatia";2016;21,96605;23,41745
"909";"Italy";2016;443,5903;501,4727
"910";"Cyprus";2016;11,1767;11,1023
"911";"Latvia";2016;14,37307;14,5099
"912";"Lithuania";2016;28,04627;28,57959
"913";"Luxembourg";2016;103,8033;123,5305
"914";"Hungary";2016;92,3866;103,978
"915";"Malta";2016;12,81812;13,99848
"916";"Netherlands";2016;486,274;561,977
"917";"Austria";2016;169,1863;182,4921
"918";"Poland";2016;205,3267;221,816
"919";"Portugal";2016;72,26171;74,47293
"920";"Romania";2016;71,77265;70,18147
"921";"Slovenia";2016;27,60751;31,44003
"922";"Slovakia";2016;72,92882;75,95045
"923";"Finland";2016;78,262;75,677
"924";"Sweden";2016;183,7653;205,1389
"925";"United Kingdom";2016;713,3961;668,2139
"926";"Belgium";2017;365,9176;380,3864
"927";"Bulgaria";2017;30,78053;32,01018
"928";"Denmark";2017;137,5157;157,1524
"929";"Germany";2017;1299,492;1527,946
"930";"Estonia";2017;17,33503;17,98378
"931";"Ireland";2017;271,8579;336,1178
"932";"Greece";2017;59,25502;58,04085
"933";"Spain";2017;365,2444;396,8763
"934";"France";2017;736,6797;692,5744
"935";"Croatia";2017;24,31968;25,50209
"936";"Italy";2017;487,4838;533,7778
"937";"Cyprus";2017;11,75693;11,64656
"938";"Latvia";2017;16,13214;15,7119
"939";"Lithuania";2017;30,99193;31,10992
"940";"Luxembourg";2017;112,8598;134,0056
"941";"Hungary";2017;101,6889;111,3314
"942";"Malta";2017;13,66252;14,88863
"943";"Netherlands";2017;526,9583;601,2717
"944";"Austria";2017;177,5949;191,0091
"945";"Poland";2017;233,5727;248,5136
"946";"Portugal";2017;78,17003;79,63312
"947";"Romania";2017;80,99191;77,56367
"948";"Slovenia";2017;30,32594;34,19949
"949";"Slovakia";2017;79,1965;81,8675
"950";"Finland";2017;84,3476;80,80318
"951";"Sweden";2017;196,3698;221,1545
"952";"United Kingdom";2017;743,1786;692,2036
